date,stock,todayPosition
2021-09-08,ALLE,-99795.0
2021-09-08,GPC,-118928.0
2021-09-08,HSY,-82229.0
2021-09-08,CMG,7540.0
2021-09-08,NKE,-87836.0
2021-09-08,EQT,-703037.0
2021-09-09,ALLE,-98624.0
2021-09-09,GPC,-119226.0
2021-09-09,HSY,-80879.0
2021-09-09,CMG,7497.0
2021-09-09,NKE,-88891.0
2021-09-09,NUE,-127346.0
2021-09-09,EQT,-697885.0
2021-09-10,ALLE,-99704.0
2021-09-10,GPC,0.0
2021-09-10,HSY,-81446.0
2021-09-10,CMG,7481.0
2021-09-10,NKE,-87459.0
2021-09-10,NUE,-126905.0
2021-09-10,EQT,-718958.0
2021-09-13,ALLE,-98822.0
2021-09-13,HSY,-81604.0
2021-09-13,CMG,7515.0
2021-09-13,NKE,0.0
2021-09-13,NUE,-127266.0
2021-09-13,EQT,-736377.0
2021-09-14,ALLE,-100412.0
2021-09-14,GPC,-119836.0
2021-09-14,HSY,-81409.0
2021-09-14,CMG,7651.0
2021-09-14,NUE,-130821.0
2021-09-14,EQT,-715358.0
2021-09-15,ALLE,-102362.0
2021-09-15,GPC,0.0
2021-09-15,HSY,-81843.0
2021-09-15,CMG,7682.0
2021-09-15,NUE,-134517.0
2021-09-15,EQT,-731475.0
2021-09-16,ALLE,-101166.0
2021-09-16,GPC,-115068.0
2021-09-16,HSY,-81595.0
2021-09-16,CMG,7599.0
2021-09-16,NUE,-130308.0
2021-09-16,EQT,-694155.0
2021-09-17,ALLE,-101173.0
2021-09-17,GPC,-115031.0
2021-09-17,HSY,-81372.0
2021-09-17,CMG,7449.0
2021-09-17,NUE,-130082.0
2021-09-17,EQT,-737898.0
2021-09-20,ALLE,-103190.0
2021-09-20,GPC,-117096.0
2021-09-20,HSY,-81600.0
2021-09-20,CMG,0.0
2021-09-20,NUE,-136197.0
2021-09-20,EQT,-758667.0
2021-09-21,ALLE,-104077.0
2021-09-21,GPC,0.0
2021-09-21,HSY,-82371.0
2021-09-21,NUE,-147457.0
2021-09-21,EQT,-761498.0
2021-09-22,ALLE,-105577.0
2021-09-22,HSY,-83162.0
2021-09-22,NUE,-148484.0
2021-09-22,EQT,-776819.0
2021-09-23,ALLE,-104757.0
2021-09-23,GPC,-116770.0
2021-09-23,HSY,-82868.0
2021-09-23,NKE,90738.0
2021-09-23,NUE,-147002.0
2021-09-23,EQT,-755458.0
2021-09-24,ALLE,-103056.0
2021-09-24,GPC,-115767.0
2021-09-24,HSY,-82542.0
2021-09-24,NKE,89521.0
2021-09-24,NUE,-143719.0
2021-09-24,EQT,-733729.0
2021-09-27,ALLE,-104017.0
2021-09-27,GPC,-116125.0
2021-09-27,HSY,-82082.0
2021-09-27,NKE,95500.0
2021-09-27,NUE,-141554.0
2021-09-27,EQT,-714643.0
2021-09-28,ALLE,-104359.0
2021-09-28,GPC,-114606.0
2021-09-28,HSY,-83591.0
2021-09-28,NKE,96500.0
2021-09-28,NUE,-137468.0
2021-09-28,EQT,-639467.0
2021-09-29,ALLE,-106142.0
2021-09-29,GPC,-115955.0
2021-09-29,HSY,-84691.0
2021-09-29,NKE,98319.0
2021-09-29,NUE,-138804.0
2021-09-29,EQT,-646997.0
2021-09-30,ALLE,-105647.0
2021-09-30,GPC,-115058.0
2021-09-30,HSY,-83104.0
2021-09-30,NKE,97834.0
2021-09-30,NUE,-143157.0
2021-09-30,EQT,-688800.0
2021-10-01,ALLE,-108077.0
2021-10-01,GPC,-117839.0
2021-10-01,HSY,-84405.0
2021-10-01,NKE,98367.0
2021-10-01,NUE,-145047.0
2021-10-01,EQT,-698226.0
2021-10-04,ALLE,-107841.0
2021-10-04,GPC,0.0
2021-10-04,HSY,-83649.0
2021-10-04,CMG,-7812.0
2021-10-04,NKE,97143.0
2021-10-04,NUE,-146295.0
2021-10-04,EQT,-692808.0
2021-10-05,ALLE,-109670.0
2021-10-05,GPC,-116741.0
2021-10-05,HSY,-83269.0
2021-10-05,CMG,-7915.0
2021-10-05,NKE,97090.0
2021-10-05,NUE,-147610.0
2021-10-05,EQT,-665070.0
2021-10-06,ALLE,-110152.0
2021-10-06,GPC,-115505.0
2021-10-06,HSY,-81880.0
2021-10-06,CMG,-7805.0
2021-10-06,NKE,95583.0
2021-10-06,NUE,-144738.0
2021-10-06,EQT,-660763.0
2021-10-07,ALLE,-110467.0
2021-10-07,GPC,-115983.0
2021-10-07,HSY,-80009.0
2021-10-07,CMG,-7789.0
2021-10-07,NKE,96007.0
2021-10-07,NUE,-148825.0
2021-10-07,EQT,-680596.0
2021-10-08,ALLE,-108603.0
2021-10-08,GPC,-113930.0
2021-10-08,HSY,-80234.0
2021-10-08,CMG,-7735.0
2021-10-08,NKE,94078.0
2021-10-08,NUE,-144373.0
2021-10-08,EQT,-670690.0
2021-10-11,ALLE,-108677.0
2021-10-11,GPC,-113342.0
2021-10-11,HSY,-80369.0
2021-10-11,CMG,-7859.0
2021-10-11,NKE,93690.0
2021-10-11,NUE,-145817.0
2021-10-11,EQT,-684181.0
2021-10-12,ALLE,-110656.0
2021-10-12,GPC,-113216.0
2021-10-12,HSY,-80162.0
2021-10-12,CMG,0.0
2021-10-12,NKE,95061.0
2021-10-12,NUE,-144856.0
2021-10-12,EQT,-717875.0
2021-10-13,ALLE,-111294.0
2021-10-13,GPC,-114157.0
2021-10-13,HSY,-79586.0
2021-10-13,NKE,93158.0
2021-10-13,NUE,-143430.0
2021-10-13,EQT,-720409.0
2021-10-14,ALLE,-110810.0
2021-10-14,GPC,-115049.0
2021-10-14,HSY,-79298.0
2021-10-14,CMG,7891.0
2021-10-14,NKE,91400.0
2021-10-14,NUE,-142373.0
2021-10-14,EQT,-719683.0
2021-10-15,ALLE,-107930.0
2021-10-15,GPC,-112185.0
2021-10-15,HSY,-78402.0
2021-10-15,CMG,0.0
2021-10-15,NKE,90911.0
2021-10-15,NUE,-141121.0
2021-10-15,EQT,-699251.0
2021-10-18,ALLE,-106530.0
2021-10-18,GPC,-112317.0
2021-10-18,HSY,-79537.0
2021-10-18,CMG,7803.0
2021-10-18,NKE,90411.0
2021-10-18,NUE,-140358.0
2021-10-18,EQT,-721136.0
2021-10-19,ALLE,-105953.0
2021-10-19,GPC,-112681.0
2021-10-19,HSY,-79929.0
2021-10-19,CMG,7711.0
2021-10-19,NKE,89605.0
2021-10-19,NUE,-139332.0
2021-10-19,EQT,-712149.0
2021-10-20,ALLE,-106040.0
2021-10-20,GPC,-111790.0
2021-10-20,HSY,-79497.0
2021-10-20,CMG,0.0
2021-10-20,NKE,90520.0
2021-10-20,NUE,-138293.0
2021-10-20,EQT,-705467.0
2021-10-21,ALLE,-104389.0
2021-10-21,GPC,-110186.0
2021-10-21,HSY,-79281.0
2021-10-21,NKE,90160.0
2021-10-21,NUE,-135847.0
2021-10-21,EQT,-668493.0
2021-10-22,ALLE,-108620.0
2021-10-22,GPC,-106205.0
2021-10-22,HSY,-79233.0
2021-10-22,CMG,7748.0
2021-10-22,NKE,88086.0
2021-10-22,NUE,-139959.0
2021-10-22,EQT,-689465.0
2021-10-25,ALLE,-106993.0
2021-10-25,GPC,0.0
2021-10-25,HSY,-78449.0
2021-10-25,CMG,7972.0
2021-10-25,NKE,87386.0
2021-10-25,NUE,-139604.0
2021-10-25,EQT,-667556.0
2021-10-26,ALLE,-108959.0
2021-10-26,HSY,-79263.0
2021-10-26,CMG,8049.0
2021-10-26,NKE,86992.0
2021-10-26,NUE,-130558.0
2021-10-26,EQT,-634638.0
2021-10-27,ALLE,-110322.0
2021-10-27,HSY,-78618.0
2021-10-27,CMG,8171.0
2021-10-27,NKE,0.0
2021-10-27,NUE,-128203.0
2021-10-27,EQT,0.0
2021-10-28,ALLE,-112141.0
2021-10-28,HSY,-79581.0
2021-10-28,CMG,8090.0
2021-10-28,NUE,-132030.0
2021-10-29,ALLE,-111650.0
2021-10-29,GPC,-108521.0
2021-10-29,HSY,-79630.0
2021-10-29,CMG,8037.0
2021-10-29,NUE,-130594.0
2021-10-29,EQT,-691467.0
2021-11-01,ALLE,-111346.0
2021-11-01,GPC,-108959.0
2021-11-01,HSY,-81469.0
2021-11-01,CMG,0.0
2021-11-01,NKE,-85394.0
2021-11-01,NUE,-127950.0
2021-11-01,EQT,-717514.0
2021-11-02,ALLE,-110000.0
2021-11-02,GPC,-108446.0
2021-11-02,HSY,-81782.0
2021-11-02,NKE,-85887.0
2021-11-02,NUE,-130797.0
2021-11-02,EQT,-692808.0
2021-11-03,ALLE,-108885.0
2021-11-03,GPC,-106673.0
2021-11-03,HSY,-81400.0
2021-11-03,CMG,-7938.0
2021-11-03,NKE,-85120.0
2021-11-03,NUE,-133237.0
2021-11-03,EQT,-700967.0
2021-11-04,ALLE,-110408.0
2021-11-04,GPC,-106442.0
2021-11-04,HSY,-80911.0
2021-11-04,CMG,-8038.0
2021-11-04,NKE,-82815.0
2021-11-04,NUE,-129575.0
2021-11-04,EQT,-699251.0
2021-11-05,ALLE,-108984.0
2021-11-05,GPC,-106817.0
2021-11-05,HSY,-81460.0
2021-11-05,CMG,0.0
2021-11-05,NKE,-81427.0
2021-11-05,NUE,-127779.0
2021-11-05,EQT,-701311.0
2021-11-08,ALLE,-108711.0
2021-11-08,GPC,-104764.0
2021-11-08,HSY,-81451.0
2021-11-08,NKE,-80478.0
2021-11-08,NUE,-127323.0
2021-11-08,EQT,-694155.0
2021-11-09,ALLE,-108208.0
2021-11-09,GPC,-105726.0
2021-11-09,HSY,-81754.0
2021-11-09,CMG,7937.0
2021-11-09,NKE,-83128.0
2021-11-09,NUE,-122898.0
2021-11-09,EQT,-690131.0
2021-11-10,ALLE,-107435.0
2021-11-10,GPC,-106032.0
2021-11-10,HSY,-81085.0
2021-11-10,CMG,-7871.0
2021-11-10,NKE,-82186.0
2021-11-10,NUE,-125976.0
2021-11-10,EQT,-703037.0
2021-11-11,ALLE,-107711.0
2021-11-11,GPC,-106458.0
2021-11-11,HSY,-79559.0
2021-11-11,CMG,-7883.0
2021-11-11,NKE,-84902.0
2021-11-11,NUE,-129446.0
2021-11-11,EQT,-727378.0
2021-11-12,ALLE,-107889.0
2021-11-12,GPC,-105726.0
2021-11-12,HSY,-80099.0
2021-11-12,CMG,-7866.0
2021-11-12,NKE,-85558.0
2021-11-12,NUE,-126009.0
2021-11-12,EQT,-673854.0
2021-11-15,ALLE,-105679.0
2021-11-15,GPC,-105103.0
2021-11-15,HSY,-80396.0
2021-11-15,CMG,-7668.0
2021-11-15,NKE,-84485.0
2021-11-15,NUE,-127278.0
2021-11-15,EQT,-668806.0
2021-11-16,ALLE,-106577.0
2021-11-16,GPC,-104267.0
2021-11-16,HSY,-80496.0
2021-11-16,CMG,-7766.0
2021-11-16,NKE,-84605.0
2021-11-16,NUE,-129917.0
2021-11-16,EQT,-653509.0
2021-11-17,ALLE,-105305.0
2021-11-17,GPC,-104389.0
2021-11-17,HSY,-80383.0
2021-11-17,CMG,-7816.0
2021-11-17,NKE,-83138.0
2021-11-17,NUE,-127893.0
2021-11-17,EQT,-649350.0
2021-11-18,ALLE,-104680.0
2021-11-18,GPC,-104473.0
2021-11-18,HSY,-79674.0
2021-11-18,CMG,-7910.0
2021-11-18,NKE,-83182.0
2021-11-18,NUE,-130929.0
2021-11-18,EQT,-667868.0
2021-11-19,ALLE,-105875.0
2021-11-19,GPC,-105018.0
2021-11-19,HSY,-79316.0
2021-11-19,CMG,-8029.0
2021-11-19,NKE,0.0
2021-11-19,NUE,-127893.0
2021-11-19,EQT,-677048.0
2021-11-22,ALLE,-106769.0
2021-11-22,GPC,-105632.0
2021-11-22,HSY,-79661.0
2021-11-22,CMG,0.0
2021-11-22,NUE,-126590.0
2021-11-22,EQT,-686153.0
2021-11-23,ALLE,-107751.0
2021-11-23,GPC,-104381.0
2021-11-23,HSY,-78861.0
2021-11-23,NKE,-81988.0
2021-11-23,NUE,-119375.0
2021-11-23,EQT,-683854.0
2021-11-24,ALLE,-108192.0
2021-11-24,GPC,-103624.0
2021-11-24,HSY,-78402.0
2021-11-24,NKE,0.0
2021-11-24,NUE,-119665.0
2021-11-24,EQT,-676086.0
2021-11-26,ALLE,-108208.0
2021-11-26,GPC,-104764.0
2021-11-26,HSY,-78939.0
2021-11-26,NUE,-123376.0
2021-11-26,EQT,-670690.0
2021-11-29,ALLE,-110425.0
2021-11-29,GPC,-107914.0
2021-11-29,HSY,-80292.0
2021-11-29,NUE,-125335.0
2021-11-29,EQT,-680596.0
2021-11-30,ALLE,-111017.0
2021-11-30,GPC,-107484.0
2021-11-30,HSY,-79737.0
2021-11-30,NUE,-127471.0
2021-11-30,EQT,-689797.0
2021-12-01,ALLE,-115542.0
2021-12-01,GPC,-111834.0
2021-12-01,HSY,-80487.0
2021-12-01,CMG,8693.0
2021-12-01,NUE,-134441.0
2021-12-01,EQT,-735240.0
2021-12-02,ALLE,-116342.0
2021-12-02,GPC,-113037.0
2021-12-02,HSY,-81395.0
2021-12-02,CMG,8917.0
2021-12-02,NUE,-136457.0
2021-12-02,EQT,0.0
2021-12-03,ALLE,-111233.0
2021-12-03,GPC,-110000.0
2021-12-03,HSY,-80851.0
2021-12-03,CMG,8866.0
2021-12-03,NUE,-132816.0
2021-12-03,EQT,770120.0
2021-12-06,ALLE,-110553.0
2021-12-06,GPC,-110587.0
2021-12-06,HSY,-79537.0
2021-12-06,CMG,8973.0
2021-12-06,NUE,-129282.0
2021-12-06,EQT,729981.0
2021-12-07,ALLE,-108554.0
2021-12-07,GPC,-108257.0
2021-12-07,HSY,-79057.0
2021-12-07,CMG,8800.0
2021-12-07,NKE,84576.0
2021-12-07,NUE,-129587.0
2021-12-07,EQT,-724060.0
2021-12-08,ALLE,-108438.0
2021-12-08,GPC,-106777.0
2021-12-08,HSY,-78492.0
2021-12-08,CMG,8346.0
2021-12-08,NKE,83401.0
2021-12-08,NUE,-125302.0
2021-12-08,EQT,-695168.0
2021-12-09,ALLE,-107832.0
2021-12-09,GPC,-106633.0
2021-12-09,HSY,-77970.0
2021-12-09,CMG,-8213.0
2021-12-09,NKE,83911.0
2021-12-09,NUE,-126635.0
2021-12-09,EQT,-681245.0
2021-12-10,ALLE,-109142.0
2021-12-10,GPC,-106466.0
2021-12-10,HSY,-77851.0
2021-12-10,CMG,-8293.0
2021-12-10,NKE,84984.0
2021-12-10,NUE,-126545.0
2021-12-10,EQT,-689797.0
2021-12-13,ALLE,-109001.0
2021-12-13,GPC,-105953.0
2021-12-13,HSY,-76594.0
2021-12-13,CMG,-8298.0
2021-12-13,NKE,84501.0
2021-12-13,NUE,-126187.0
2021-12-13,EQT,-684837.0
2021-12-14,ALLE,-109502.0
2021-12-14,GPC,-107808.0
2021-12-14,HSY,-75726.0
2021-12-14,CMG,-8448.0
2021-12-14,NKE,85626.0
2021-12-14,NUE,-123632.0
2021-12-14,EQT,-710025.0
2021-12-15,ALLE,-110203.0
2021-12-15,GPC,-108307.0
2021-12-15,HSY,-76113.0
2021-12-15,CMG,-8517.0
2021-12-15,NKE,86371.0
2021-12-15,NUE,-120635.0
2021-12-15,EQT,-671636.0
2021-12-16,ALLE,-109586.0
2021-12-16,GPC,-107395.0
2021-12-16,HSY,-75279.0
2021-12-16,CMG,-8397.0
2021-12-16,NKE,87162.0
2021-12-16,NUE,0.0
2021-12-16,EQT,-681245.0
2021-12-17,ALLE,-108537.0
2021-12-17,GPC,-105034.0
2021-12-17,HSY,-74354.0
2021-12-17,CMG,0.0
2021-12-17,NKE,87794.0
2021-12-17,NUE,-125423.0
2021-12-17,EQT,-667556.0
2021-12-20,ALLE,-111703.0
2021-12-20,GPC,-107209.0
2021-12-20,HSY,-76141.0
2021-12-20,CMG,8485.0
2021-12-20,NKE,88534.0
2021-12-20,NUE,-121065.0
2021-12-20,EQT,-671952.0
2021-12-21,ALLE,-114975.0
2021-12-21,GPC,-108752.0
2021-12-21,HSY,-76072.0
2021-12-21,CMG,8505.0
2021-12-21,NKE,91004.0
2021-12-21,NUE,-128549.0
2021-12-21,EQT,-672268.0
2021-12-22,ALLE,-113055.0
2021-12-22,GPC,-106332.0
2021-12-22,HSY,-76259.0
2021-12-22,CMG,8287.0
2021-12-22,NKE,85734.0
2021-12-22,NUE,-126961.0
2021-12-22,EQT,-674172.0
2021-12-23,ALLE,-113154.0
2021-12-23,GPC,-105624.0
2021-12-23,HSY,-75637.0
2021-12-23,CMG,8189.0
2021-12-23,NKE,86350.0
2021-12-23,NUE,-125710.0
2021-12-23,EQT,-644080.0
2021-12-27,ALLE,-112238.0
2021-12-27,GPC,-105530.0
2021-12-27,HSY,-75802.0
2021-12-27,CMG,8170.0
2021-12-27,NKE,86230.0
2021-12-27,NUE,-124984.0
2021-12-27,EQT,-645536.0
2021-12-28,ALLE,-110246.0
2021-12-28,GPC,-103737.0
2021-12-28,HSY,-75235.0
2021-12-28,CMG,8089.0
2021-12-28,NKE,85248.0
2021-12-28,NUE,-122466.0
2021-12-28,EQT,-626017.0
2021-12-29,ALLE,-109001.0
2021-12-29,GPC,-103482.0
2021-12-29,HSY,-74806.0
2021-12-29,CMG,8150.0
2021-12-29,NKE,85842.0
2021-12-29,NUE,-124820.0
2021-12-29,EQT,-624648.0
2021-12-30,ALLE,-107922.0
2021-12-30,GPC,-102333.0
2021-12-30,HSY,-74474.0
2021-12-30,CMG,8170.0
2021-12-30,NKE,84642.0
2021-12-30,NUE,-124342.0
2021-12-30,EQT,-626566.0
2021-12-31,ALLE,-108587.0
2021-12-31,GPC,-102494.0
2021-12-31,HSY,-74688.0
2021-12-31,CMG,8177.0
2021-12-31,NKE,85293.0
2021-12-31,NUE,-125478.0
2021-12-31,EQT,-648172.0
2022-01-03,ALLE,-107865.0
2022-01-03,GPC,-101895.0
2022-01-03,HSY,-73839.0
2022-01-03,CMG,8172.0
2022-01-03,NKE,85713.0
2022-01-03,NUE,-125148.0
2022-01-03,EQT,-655007.0
2022-01-04,ALLE,-110433.0
2022-01-04,GPC,-103572.0
2022-01-04,HSY,-73938.0
2022-01-04,CMG,0.0
2022-01-04,NKE,86754.0
2022-01-04,NUE,-126377.0
2022-01-04,EQT,-654707.0
2022-01-05,ALLE,-107898.0
2022-01-05,GPC,-101793.0
2022-01-05,HSY,-73312.0
2022-01-05,NKE,85857.0
2022-01-05,NUE,-122027.0
2022-01-05,EQT,-637470.0
2022-01-06,ALLE,-110476.0
2022-01-06,GPC,-102819.0
2022-01-06,HSY,-72516.0
2022-01-06,NKE,88048.0
2022-01-06,NUE,0.0
2022-01-06,EQT,-658631.0
2022-01-07,ALLE,-111546.0
2022-01-07,GPC,-101822.0
2022-01-07,HSY,-72674.0
2022-01-07,CMG,8814.0
2022-01-07,NKE,88710.0
2022-01-07,EQT,-655909.0
2022-01-10,ALLE,-112814.0
2022-01-10,GPC,-102819.0
2022-01-10,HSY,-72942.0
2022-01-10,CMG,8941.0
2022-01-10,NKE,91010.0
2022-01-10,NUE,-124831.0
2022-01-10,EQT,-626291.0
2022-01-11,ALLE,-114203.0
2022-01-11,GPC,-103489.0
2022-01-11,HSY,-73395.0
2022-01-11,CMG,9256.0
2022-01-11,NKE,94960.0
2022-01-11,NUE,-127710.0
2022-01-11,EQT,-621118.0
2022-01-12,ALLE,-111948.0
2022-01-12,GPC,0.0
2022-01-12,HSY,-73626.0
2022-01-12,CMG,9033.0
2022-01-12,NKE,95048.0
2022-01-12,NUE,128886.0
2022-01-12,EQT,-607127.0
2022-01-13,ALLE,-111974.0
2022-01-13,GPC,-102856.0
2022-01-13,HSY,-72945.0
2022-01-13,CMG,9193.0
2022-01-13,NKE,93856.0
2022-01-13,NUE,-124526.0
2022-01-13,EQT,-579307.0
2022-01-14,ALLE,-113270.0
2022-01-14,GPC,-102774.0
2022-01-14,HSY,-72612.0
2022-01-14,CMG,9477.0
2022-01-14,NKE,95500.0
2022-01-14,NUE,-126736.0
2022-01-14,EQT,0.0
2022-01-18,ALLE,-114781.0
2022-01-18,GPC,-103437.0
2022-01-18,HSY,-71596.0
2022-01-18,CMG,9536.0
2022-01-18,NKE,96408.0
2022-01-18,NUE,-128909.0
2022-01-19,ALLE,-115309.0
2022-01-19,GPC,-104603.0
2022-01-19,HSY,-72033.0
2022-01-19,CMG,9668.0
2022-01-19,NKE,97215.0
2022-01-19,NUE,-133886.0
2022-01-20,ALLE,-116210.0
2022-01-20,GPC,-106332.0
2022-01-20,HSY,-71557.0
2022-01-20,CMG,9734.0
2022-01-20,NKE,98448.0
2022-01-20,NUE,0.0
2022-01-20,EQT,-643500.0
2022-01-21,ALLE,-118308.0
2022-01-21,GPC,-108636.0
2022-01-21,HSY,-71729.0
2022-01-21,CMG,10058.0
2022-01-21,NKE,100090.0
2022-01-21,NUE,-142373.0
2022-01-21,EQT,-676406.0
2022-01-24,ALLE,-117791.0
2022-01-24,GPC,-109402.0
2022-01-24,HSY,-71303.0
2022-01-24,CMG,10364.0
2022-01-24,NKE,99936.0
2022-01-24,NUE,0.0
2022-01-24,EQT,-694830.0
2022-01-25,ALLE,-115626.0
2022-01-25,GPC,-105835.0
2022-01-25,HSY,-71457.0
2022-01-25,CMG,10085.0
2022-01-25,NKE,0.0
2022-01-25,EQT,-691802.0
2022-01-26,ALLE,-118376.0
2022-01-26,GPC,-108504.0
2022-01-26,HSY,-73346.0
2022-01-26,CMG,10440.0
2022-01-26,EQT,-710732.0
2022-01-27,ALLE,-118661.0
2022-01-27,GPC,-108200.0
2022-01-27,HSY,-73588.0
2022-01-27,CMG,10517.0
2022-01-27,EQT,-723693.0
2022-01-28,ALLE,-118543.0
2022-01-28,GPC,-109983.0
2022-01-28,HSY,-73497.0
2022-01-28,CMG,10621.0
2022-01-28,EQT,0.0
2022-01-31,ALLE,-117859.0
2022-01-31,GPC,-109611.0
2022-01-31,HSY,-72578.0
2022-01-31,CMG,10132.0
2022-02-01,ALLE,-116399.0
2022-02-01,GPC,-107225.0
2022-02-01,HSY,-72490.0
2022-02-01,CMG,9617.0
2022-02-01,NUE,-140884.0
2022-02-01,EQT,-672268.0
2022-02-02,ALLE,-119047.0
2022-02-02,GPC,-106387.0
2022-02-02,HSY,-72986.0
2022-02-02,CMG,9446.0
2022-02-02,NKE,96382.0
2022-02-02,NUE,-132939.0
2022-02-02,EQT,-655608.0
2022-02-03,ALLE,-118869.0
2022-02-03,GPC,-105632.0
2022-02-03,HSY,-71953.0
2022-02-03,CMG,9623.0
2022-02-03,NKE,0.0
2022-02-03,NUE,-127573.0
2022-02-03,EQT,0.0
2022-02-04,ALLE,-123036.0
2022-02-04,GPC,-107605.0
2022-02-04,HSY,-70055.0
2022-02-04,CMG,9870.0
2022-02-04,NUE,-127266.0
2022-02-04,EQT,-669120.0
2022-02-07,ALLE,-119796.0
2022-02-07,GPC,-110042.0
2022-02-07,HSY,-70449.0
2022-02-07,CMG,9631.0
2022-02-07,NKE,98258.0
2022-02-07,NUE,-128399.0
2022-02-07,EQT,0.0
2022-02-08,ALLE,-118593.0
2022-02-08,GPC,-111424.0
2022-02-08,HSY,-69785.0
2022-02-08,CMG,9833.0
2022-02-08,NKE,0.0
2022-02-08,NUE,-128561.0
2022-02-08,EQT,-674809.0
2022-02-09,ALLE,-117365.0
2022-02-09,GPC,-109788.0
2022-02-09,HSY,-69013.0
2022-02-09,CMG,9783.0
2022-02-09,NUE,-123610.0
2022-02-09,EQT,0.0
2022-02-10,ALLE,-114121.0
2022-02-10,GPC,-108143.0
2022-02-10,HSY,-70151.0
2022-02-10,CMG,8881.0
2022-02-10,NUE,-118968.0
2022-02-11,ALLE,-118367.0
2022-02-11,GPC,-112141.0
2022-02-11,HSY,-70227.0
2022-02-11,CMG,9054.0
2022-02-11,NUE,-117490.0
2022-02-11,EQT,659240.0
2022-02-14,ALLE,-120179.0
2022-02-14,GPC,-112761.0
2022-02-14,HSY,-69621.0
2022-02-14,CMG,0.0
2022-02-14,NUE,-120646.0
2022-02-14,EQT,623015.0
2022-02-15,ALLE,-120727.0
2022-02-15,GPC,-112432.0
2022-02-15,HSY,-70251.0
2022-02-15,NUE,-121735.0
2022-02-15,EQT,627392.0
2022-02-16,ALLE,-122006.0
2022-02-16,GPC,-110733.0
2022-02-16,HSY,-70414.0
2022-02-16,NKE,98130.0
2022-02-16,NUE,-117500.0
2022-02-16,EQT,618430.0
2022-02-17,ALLE,-123964.0
2022-02-17,GPC,-109923.0
2022-02-17,HSY,-70494.0
2022-02-17,NKE,97521.0
2022-02-17,NUE,-116465.0
2022-02-17,EQT,609980.0
2022-02-18,ALLE,-124668.0
2022-02-18,GPC,-111948.0
2022-02-18,HSY,-70710.0
2022-02-18,CMG,9462.0
2022-02-18,NKE,0.0
2022-02-18,NUE,-118122.0
2022-02-18,EQT,615499.0
2022-02-22,ALLE,-125170.0
2022-02-22,GPC,-112610.0
2022-02-22,HSY,-70515.0
2022-02-22,CMG,0.0
2022-02-22,NUE,0.0
2022-02-22,EQT,640041.0
2022-02-23,ALLE,-125854.0
2022-02-23,GPC,-115589.0
2022-02-23,HSY,-70710.0
2022-02-23,EQT,660764.0
2022-02-24,ALLE,-130391.0
2022-02-24,GPC,-120209.0
2022-02-24,HSY,-70522.0
2022-02-24,NUE,121086.0
2022-02-24,EQT,654708.0
2022-02-25,ALLE,-127893.0
2022-02-25,GPC,-118200.0
2022-02-25,HSY,-72586.0
2022-02-25,CMG,9623.0
2022-02-25,NUE,118162.0
2022-02-25,EQT,642633.0
2022-02-28,ALLE,-124115.0
2022-02-28,GPC,-115711.0
2022-02-28,HSY,-69918.0
2022-02-28,CMG,9543.0
2022-02-28,NUE,0.0
2022-02-28,EQT,627668.0
2022-03-01,ALLE,-124744.0
2022-03-01,GPC,116943.0
2022-03-01,HSY,-70630.0
2022-03-01,CMG,9378.0
2022-03-01,NKE,104619.0
2022-03-01,EQT,617361.0
2022-03-02,ALLE,-124624.0
2022-03-02,GPC,0.0
2022-03-02,HSY,-69734.0
2022-03-02,CMG,9601.0
2022-03-02,NKE,108046.0
2022-03-02,EQT,585001.0
2022-03-03,ALLE,-121715.0
2022-03-03,HSY,-68671.0
2022-03-03,CMG,0.0
2022-03-03,NKE,0.0
2022-03-03,NUE,103513.0
2022-03-03,EQT,574185.0
2022-03-04,ALLE,-121363.0
2022-03-04,HSY,-68635.0
2022-03-04,NUE,0.0
2022-03-04,EQT,574878.0
2022-03-07,ALLE,-121798.0
2022-03-07,HSY,-67125.0
2022-03-07,NUE,102983.0
2022-03-07,EQT,541947.0
2022-03-08,ALLE,-124515.0
2022-03-08,HSY,-66949.0
2022-03-08,NUE,108308.0
2022-03-08,EQT,-538677.0
2022-03-09,ALLE,-128203.0
2022-03-09,HSY,-70024.0
2022-03-09,CMG,10876.0
2022-03-09,NKE,117860.0
2022-03-09,NUE,113415.0
2022-03-09,EQT,-557817.0
2022-03-10,ALLE,-124722.0
2022-03-10,HSY,-69727.0
2022-03-10,CMG,10056.0
2022-03-10,NKE,112531.0
2022-03-10,NUE,109882.0
2022-03-10,EQT,-546716.0
2022-03-11,ALLE,-126534.0
2022-03-11,GPC,116372.0
2022-03-11,HSY,-69638.0
2022-03-11,CMG,9725.0
2022-03-11,NKE,113352.0
2022-03-11,NUE,106962.0
2022-03-11,EQT,0.0
2022-03-14,ALLE,0.0
2022-03-14,GPC,117395.0
2022-03-14,HSY,0.0
2022-03-14,CMG,0.0
2022-03-14,NKE,116495.0
2022-03-14,NUE,105625.0
2022-03-15,GPC,117001.0
2022-03-15,NKE,121509.0
2022-03-15,NUE,108185.0
2022-03-15,EQT,-561987.0
2022-03-16,ALLE,124799.0
2022-03-16,GPC,114718.0
2022-03-16,NKE,119646.0
2022-03-16,NUE,105415.0
2022-03-16,EQT,0.0
2022-03-17,ALLE,0.0
2022-03-17,GPC,0.0
2022-03-17,NKE,114113.0
2022-03-17,NUE,105734.0
2022-03-18,ALLE,121282.0
2022-03-18,GPC,111564.0
2022-03-18,CMG,-9136.0
2022-03-18,NKE,112124.0
2022-03-18,NUE,105876.0
2022-03-18,EQT,-528122.0
2022-03-21,ALLE,0.0
2022-03-21,GPC,110742.0
2022-03-21,CMG,-8997.0
2022-03-21,NKE,108852.0
2022-03-21,NUE,104919.0
2022-03-21,EQT,0.0
2022-03-22,GPC,111364.0
2022-03-22,CMG,-9275.0
2022-03-22,NKE,109730.0
2022-03-22,NUE,100076.0
2022-03-23,GPC,111468.0
2022-03-23,CMG,-9167.0
2022-03-23,NKE,0.0
2022-03-23,NUE,99207.0
2022-03-24,GPC,112054.0
2022-03-24,CMG,-9266.0
2022-03-24,NUE,97090.0
2022-03-24,EQT,-497760.0
2022-03-25,ALLE,126883.0
2022-03-25,GPC,111529.0
2022-03-25,CMG,-9122.0
2022-03-25,NKE,-108159.0
2022-03-25,NUE,93055.0
2022-03-25,EQT,-464727.0
2022-03-28,ALLE,127211.0
2022-03-28,GPC,111139.0
2022-03-28,CMG,-9178.0
2022-03-28,NKE,-106849.0
2022-03-28,NUE,90634.0
2022-03-28,EQT,-416129.0
2022-03-29,ALLE,0.0
2022-03-29,GPC,111922.0
2022-03-29,HSY,66554.0
2022-03-29,CMG,-9069.0
2022-03-29,NKE,0.0
2022-03-29,NUE,92855.0
2022-03-29,EQT,-409332.0
2022-03-30,GPC,109654.0
2022-03-30,HSY,66526.0
2022-03-30,CMG,-8982.0
2022-03-30,NKE,-102671.0
2022-03-30,NUE,94922.0
2022-03-30,EQT,-420044.0
2022-03-31,ALLE,126032.0
2022-03-31,GPC,110889.0
2022-03-31,HSY,0.0
2022-03-31,CMG,-9075.0
2022-03-31,NKE,-103116.0
2022-03-31,NUE,95576.0
2022-03-31,EQT,-418077.0
2022-04-01,ALLE,130131.0
2022-04-01,GPC,113361.0
2022-04-01,CMG,-9029.0
2022-04-01,NKE,0.0
2022-04-01,NUE,96104.0
2022-04-01,EQT,-415161.0
2022-04-04,ALLE,128101.0
2022-04-04,GPC,113442.0
2022-04-04,CMG,-8961.0
2022-04-04,NUE,95711.0
2022-04-04,EQT,-396494.0
2022-04-05,ALLE,128354.0
2022-04-05,GPC,110503.0
2022-04-05,CMG,-8868.0
2022-04-05,NUE,95544.0
2022-04-05,EQT,-392896.0
2022-04-06,ALLE,129717.0
2022-04-06,GPC,112575.0
2022-04-06,HSY,65408.0
2022-04-06,CMG,-8902.0
2022-04-06,NUE,96007.0
2022-04-06,EQT,-394306.0
2022-04-07,ALLE,133549.0
2022-04-07,GPC,111949.0
2022-04-07,HSY,64423.0
2022-04-07,CMG,0.0
2022-04-07,NUE,97521.0
2022-04-07,EQT,-382789.0
2022-04-08,ALLE,131727.0
2022-04-08,GPC,110571.0
2022-04-08,HSY,64145.0
2022-04-08,NUE,94664.0
2022-04-08,EQT,-393112.0
2022-04-11,ALLE,133887.0
2022-04-11,GPC,108209.0
2022-04-11,HSY,63856.0
2022-04-11,CMG,9253.0
2022-04-11,NKE,111477.0
2022-04-11,NUE,94758.0
2022-04-11,EQT,-372897.0
2022-04-12,ALLE,134113.0
2022-04-12,GPC,0.0
2022-04-12,HSY,63796.0
2022-04-12,CMG,0.0
2022-04-12,NKE,114305.0
2022-04-12,NUE,93493.0
2022-04-12,EQT,-364710.0
2022-04-13,ALLE,-135025.0
2022-04-13,GPC,108480.0
2022-04-13,HSY,63206.0
2022-04-13,NKE,0.0
2022-04-13,NUE,90853.0
2022-04-13,EQT,-356252.0
2022-04-14,ALLE,-132042.0
2022-04-14,GPC,108621.0
2022-04-14,HSY,63329.0
2022-04-14,CMG,8985.0
2022-04-14,NKE,112054.0
2022-04-14,NUE,87519.0
2022-04-14,EQT,-341600.0
2022-04-18,ALLE,0.0
2022-04-18,GPC,109102.0
2022-04-18,HSY,63217.0
2022-04-18,CMG,8911.0
2022-04-18,NKE,0.0
2022-04-18,NUE,86413.0
2022-04-18,EQT,-337245.0
2022-04-19,GPC,108935.0
2022-04-19,HSY,63659.0
2022-04-19,CMG,8987.0
2022-04-19,NUE,83871.0
2022-04-19,EQT,-313971.0
2022-04-20,GPC,106754.0
2022-04-20,HSY,62939.0
2022-04-20,CMG,8754.0
2022-04-20,NKE,-104237.0
2022-04-20,NUE,83139.0
2022-04-20,EQT,-324896.0
2022-04-21,ALLE,-126882.0
2022-04-21,GPC,103768.0
2022-04-21,HSY,62199.0
2022-04-21,CMG,-8858.0
2022-04-21,NKE,-105142.0
2022-04-21,NUE,-84405.0
2022-04-21,EQT,-319948.0
2022-04-22,ALLE,0.0
2022-04-22,GPC,0.0
2022-04-22,HSY,62441.0
2022-04-22,CMG,0.0
2022-04-22,NKE,-105460.0
2022-04-22,NUE,-81358.0
2022-04-22,EQT,-339812.0
2022-04-25,HSY,63736.0
2022-04-25,CMG,9647.0
2022-04-25,NKE,-110681.0
2022-04-25,NUE,-88703.0
2022-04-25,EQT,-359479.0
2022-04-26,ALLE,124527.0
2022-04-26,GPC,106483.0
2022-04-26,HSY,0.0
2022-04-26,CMG,9424.0
2022-04-26,NKE,-111659.0
2022-04-26,NUE,0.0
2022-04-26,EQT,-359841.0
2022-04-27,ALLE,0.0
2022-04-27,GPC,106658.0
2022-04-27,CMG,9933.0
2022-04-27,NKE,-118533.0
2022-04-27,EQT,-366864.0
2022-04-28,GPC,106666.0
2022-04-28,CMG,0.0
2022-04-28,NKE,-117830.0
2022-04-28,EQT,-361023.0
2022-04-29,ALLE,-119846.0
2022-04-29,GPC,107259.0
2022-04-29,HSY,62663.0
2022-04-29,NKE,-112441.0
2022-04-29,EQT,-351951.0
2022-05-02,ALLE,-125050.0
2022-05-02,GPC,109848.0
2022-05-02,HSY,63276.0
2022-05-02,CMG,9815.0
2022-05-02,NKE,0.0
2022-05-02,EQT,-359389.0
2022-05-03,ALLE,0.0
2022-05-03,GPC,109478.0
2022-05-03,HSY,65673.0
2022-05-03,CMG,9777.0
2022-05-03,NUE,95245.0
2022-05-03,EQT,-362122.0
2022-05-04,GPC,108415.0
2022-05-04,HSY,64915.0
2022-05-04,CMG,9869.0
2022-05-04,NKE,116277.0
2022-05-04,NUE,93887.0
2022-05-04,EQT,-339650.0
2022-05-05,GPC,105680.0
2022-05-05,HSY,63400.0
2022-05-05,CMG,9959.0
2022-05-05,NKE,113325.0
2022-05-05,NUE,92447.0
2022-05-05,EQT,-332612.0
2022-05-06,GPC,109638.0
2022-05-06,HSY,63822.0
2022-05-06,CMG,10429.0
2022-05-06,NKE,120423.0
2022-05-06,NUE,101447.0
2022-05-06,EQT,-340785.0
2022-05-09,GPC,109227.0
2022-05-09,HSY,63198.0
2022-05-09,CMG,10547.0
2022-05-09,NKE,124777.0
2022-05-09,NUE,104619.0
2022-05-09,EQT,-348007.0
2022-05-10,GPC,108275.0
2022-05-10,HSY,64005.0
2022-05-10,CMG,11191.0
2022-05-10,NKE,128458.0
2022-05-10,NUE,109865.0
2022-05-10,EQT,-390854.0
2022-05-11,GPC,109093.0
2022-05-11,HSY,64019.0
2022-05-11,CMG,10814.0
2022-05-11,NKE,130476.0
2022-05-11,NUE,110289.0
2022-05-11,EQT,-390320.0
2022-05-12,ALLE,131545.0
2022-05-12,GPC,110520.0
2022-05-12,HSY,63597.0
2022-05-12,CMG,11146.0
2022-05-12,NKE,132374.0
2022-05-12,NUE,113406.0
2022-05-12,EQT,-377828.0
2022-05-13,ALLE,128492.0
2022-05-13,GPC,107655.0
2022-05-13,HSY,64197.0
2022-05-13,CMG,11151.0
2022-05-13,NKE,132398.0
2022-05-13,NUE,114616.0
2022-05-13,EQT,-378830.0
2022-05-16,ALLE,126669.0
2022-05-16,GPC,105993.0
2022-05-16,HSY,63237.0
2022-05-16,CMG,10837.0
2022-05-16,NKE,126412.0
2022-05-16,NUE,115403.0
2022-05-16,EQT,0.0
2022-05-17,ALLE,0.0
2022-05-17,GPC,104834.0
2022-05-17,HSY,62296.0
2022-05-17,CMG,0.0
2022-05-17,NKE,126872.0
2022-05-17,NUE,119297.0
2022-05-18,GPC,103814.0
2022-05-18,HSY,63377.0
2022-05-18,NKE,123259.0
2022-05-18,NUE,114222.0
2022-05-19,GPC,108654.0
2022-05-19,HSY,68784.0
2022-05-19,NKE,130619.0
2022-05-19,NUE,119867.0
2022-05-19,EQT,353258.0
2022-05-20,ALLE,131291.0
2022-05-20,GPC,108226.0
2022-05-20,HSY,69646.0
2022-05-20,NKE,134214.0
2022-05-20,NUE,118348.0
2022-05-20,EQT,352560.0
2022-05-23,ALLE,0.0
2022-05-23,GPC,111139.0
2022-05-23,HSY,69020.0
2022-05-23,NKE,132276.0
2022-05-23,NUE,119078.0
2022-05-23,EQT,349712.0
2022-05-24,ALLE,-131653.0
2022-05-24,GPC,110196.0
2022-05-24,HSY,68272.0
2022-05-24,NKE,131509.0
2022-05-24,NUE,113101.0
2022-05-24,EQT,0.0
2022-05-25,ALLE,-132262.0
2022-05-25,GPC,109110.0
2022-05-25,HSY,66928.0
2022-05-25,CMG,11279.0
2022-05-25,NKE,133151.0
2022-05-25,NUE,115004.0
2022-05-26,ALLE,-132152.0
2022-05-26,GPC,107275.0
2022-05-26,HSY,67568.0
2022-05-26,CMG,11085.0
2022-05-26,NKE,132031.0
2022-05-26,NUE,111035.0
2022-05-27,ALLE,-128955.0
2022-05-27,GPC,105012.0
2022-05-27,HSY,68177.0
2022-05-27,CMG,10654.0
2022-05-27,NKE,126490.0
2022-05-27,NUE,107355.0
2022-05-31,ALLE,0.0
2022-05-31,GPC,102643.0
2022-05-31,HSY,67193.0
2022-05-31,CMG,10187.0
2022-05-31,NKE,123164.0
2022-05-31,NUE,103716.0
2022-06-01,GPC,104482.0
2022-06-01,HSY,67478.0
2022-06-01,CMG,0.0
2022-06-01,NKE,120200.0
2022-06-01,NUE,107850.0
2022-06-01,EQT,299366.0
2022-06-02,GPC,105182.0
2022-06-02,HSY,68128.0
2022-06-02,NKE,120372.0
2022-06-02,NUE,109294.0
2022-06-02,EQT,286862.0
2022-06-03,GPC,104444.0
2022-06-03,HSY,68278.0
2022-06-03,NKE,115759.0
2022-06-03,NUE,108530.0
2022-06-03,EQT,292321.0
2022-06-06,GPC,105081.0
2022-06-06,HSY,68294.0
2022-06-06,CMG,10390.0
2022-06-06,NKE,-118112.0
2022-06-06,NUE,110992.0
2022-06-06,EQT,297682.0
2022-06-07,GPC,102290.0
2022-06-07,HSY,67574.0
2022-06-07,CMG,10377.0
2022-06-07,NKE,-118819.0
2022-06-07,NUE,110340.0
2022-06-07,EQT,291427.0
2022-06-08,GPC,101454.0
2022-06-08,HSY,67459.0
2022-06-08,CMG,10275.0
2022-06-08,NKE,-117413.0
2022-06-08,NUE,106786.0
2022-06-08,EQT,286977.0
2022-06-09,GPC,102436.0
2022-06-09,HSY,67850.0
2022-06-09,CMG,10403.0
2022-06-09,NKE,-116713.0
2022-06-09,NUE,110009.0
2022-06-09,EQT,291724.0
2022-06-10,ALLE,-131629.0
2022-06-10,GPC,102341.0
2022-06-10,HSY,68206.0
2022-06-10,CMG,10431.0
2022-06-10,NKE,-120452.0
2022-06-10,NUE,115525.0
2022-06-10,EQT,0.0
2022-06-13,ALLE,0.0
2022-06-13,GPC,0.0
2022-06-13,HSY,66960.0
2022-06-13,CMG,10847.0
2022-06-13,NKE,-124515.0
2022-06-13,NUE,118880.0
2022-06-14,ALLE,-138534.0
2022-06-14,GPC,-108545.0
2022-06-14,HSY,68008.0
2022-06-14,CMG,11590.0
2022-06-14,NKE,129353.0
2022-06-14,NUE,127245.0
2022-06-15,ALLE,0.0
2022-06-15,GPC,-107865.0
2022-06-15,HSY,69084.0
2022-06-15,CMG,11866.0
2022-06-15,NKE,129026.0
2022-06-15,NUE,125622.0
2022-06-15,EQT,-349882.0
2022-06-16,GPC,-107881.0
2022-06-16,HSY,69285.0
2022-06-16,CMG,11283.0
2022-06-16,NKE,125932.0
2022-06-16,NUE,0.0
2022-06-16,EQT,-346404.0
2022-06-17,ALLE,148239.0
2022-06-17,GPC,-111337.0
2022-06-17,HSY,70631.0
2022-06-17,CMG,11763.0
2022-06-17,NKE,133362.0
2022-06-17,EQT,-370192.0
2022-06-21,ALLE,149323.0
2022-06-21,GPC,-112291.0
2022-06-21,HSY,69339.0
2022-06-21,CMG,11469.0
2022-06-21,NKE,133089.0
2022-06-21,NUE,-125324.0
2022-06-21,EQT,0.0
2022-06-22,ALLE,150250.0
2022-06-22,GPC,-109209.0
2022-06-22,HSY,0.0
2022-06-22,CMG,11327.0
2022-06-22,NKE,131448.0
2022-06-22,NUE,0.0
2022-06-23,ALLE,149667.0
2022-06-23,GPC,-108537.0
2022-06-23,CMG,11393.0
2022-06-23,NKE,136159.0
2022-06-23,EQT,407233.0
2022-06-24,ALLE,147565.0
2022-06-24,GPC,-107177.0
2022-06-24,CMG,11079.0
2022-06-24,NKE,132276.0
2022-06-24,EQT,431072.0
2022-06-27,ALLE,143431.0
2022-06-27,GPC,-104465.0
2022-06-27,CMG,10750.0
2022-06-27,NKE,126524.0
2022-06-27,EQT,407117.0
2022-06-28,ALLE,143952.0
2022-06-28,GPC,-104168.0
2022-06-28,CMG,10728.0
2022-06-28,NKE,129283.0
2022-06-28,EQT,389788.0
2022-06-29,ALLE,145181.0
2022-06-29,GPC,-105468.0
2022-06-29,CMG,11084.0
2022-06-29,NKE,138994.0
2022-06-29,EQT,0.0
2022-06-30,ALLE,145195.0
2022-06-30,GPC,-107001.0
2022-06-30,CMG,11090.0
2022-06-30,NKE,138361.0
2022-07-01,ALLE,145922.0
2022-07-01,GPC,-107411.0
2022-07-01,CMG,10928.0
2022-07-01,NKE,139782.0
2022-07-05,ALLE,143417.0
2022-07-05,GPC,-107129.0
2022-07-05,CMG,10932.0
2022-07-05,NKE,141192.0
2022-07-06,ALLE,-142273.0
2022-07-06,GPC,0.0
2022-07-06,HSY,-65428.0
2022-07-06,CMG,10484.0
2022-07-06,NKE,136942.0
2022-07-07,ALLE,-141864.0
2022-07-07,HSY,-64746.0
2022-07-07,CMG,10643.0
2022-07-07,NKE,137060.0
2022-07-08,ALLE,-141428.0
2022-07-08,HSY,-64955.0
2022-07-08,CMG,10573.0
2022-07-08,NKE,132117.0
2022-07-11,ALLE,-144973.0
2022-07-11,GPC,-104168.0
2022-07-11,HSY,-64997.0
2022-07-11,CMG,10667.0
2022-07-11,NKE,132361.0
2022-07-11,NUE,-131049.0
2022-07-12,ALLE,0.0
2022-07-12,GPC,103814.0
2022-07-12,HSY,0.0
2022-07-12,CMG,11074.0
2022-07-12,NKE,135913.0
2022-07-12,NUE,-132483.0
2022-07-13,ALLE,147413.0
2022-07-13,GPC,104314.0
2022-07-13,CMG,11325.0
2022-07-13,NKE,137681.0
2022-07-13,NUE,-130857.0
2022-07-14,ALLE,149652.0
2022-07-14,GPC,0.0
2022-07-14,CMG,11200.0
2022-07-14,NKE,135913.0
2022-07-14,NUE,-130213.0
2022-07-15,ALLE,149433.0
2022-07-15,CMG,11286.0
2022-07-15,NKE,138401.0
2022-07-15,NUE,-131823.0
2022-07-18,ALLE,147261.0
2022-07-18,HSY,65894.0
2022-07-18,CMG,10990.0
2022-07-18,NKE,136445.0
2022-07-18,NUE,-129493.0
2022-07-19,ALLE,149355.0
2022-07-19,HSY,66427.0
2022-07-19,CMG,10830.0
2022-07-19,NKE,137442.0
2022-07-19,NUE,-124798.0
2022-07-19,EQT,-377330.0
2022-07-20,ALLE,142161.0
2022-07-20,HSY,66104.0
2022-07-20,CMG,10641.0
2022-07-20,NKE,130834.0
2022-07-20,NUE,-121860.0
2022-07-20,EQT,-364990.0
2022-07-21,ALLE,0.0
2022-07-21,HSY,66328.0
2022-07-21,CMG,10391.0
2022-07-21,NKE,128573.0
2022-07-21,NUE,-121322.0
2022-07-21,EQT,-346656.0
2022-07-22,ALLE,-138079.0
2022-07-22,HSY,66166.0
2022-07-22,CMG,10443.0
2022-07-22,NKE,127986.0
2022-07-22,NUE,-111155.0
2022-07-22,EQT,-336609.0
2022-07-25,ALLE,-138173.0
2022-07-25,GPC,-98869.0
2022-07-25,HSY,66163.0
2022-07-25,CMG,10603.0
2022-07-25,NKE,130918.0
2022-07-25,NUE,-119186.0
2022-07-25,EQT,-338283.0
2022-07-26,ALLE,-138682.0
2022-07-26,GPC,-98842.0
2022-07-26,HSY,65876.0
2022-07-26,CMG,10751.0
2022-07-26,NKE,130726.0
2022-07-26,NUE,-116866.0
2022-07-26,EQT,-317601.0
2022-07-27,ALLE,-139114.0
2022-07-27,GPC,-100089.0
2022-07-27,HSY,65528.0
2022-07-27,CMG,10852.0
2022-07-27,NKE,135796.0
2022-07-27,NUE,-115852.0
2022-07-27,EQT,-313489.0
2022-07-28,ALLE,-137112.0
2022-07-28,GPC,-97600.0
2022-07-28,HSY,65462.0
2022-07-28,CMG,9461.0
2022-07-28,NKE,132447.0
2022-07-28,NUE,-112194.0
2022-07-28,EQT,-314386.0
2022-07-29,ALLE,-136954.0
2022-07-29,GPC,-95486.0
2022-07-29,HSY,0.0
2022-07-29,CMG,9284.0
2022-07-29,NKE,127290.0
2022-07-29,NUE,-109553.0
2022-07-29,EQT,-334168.0
2022-08-01,ALLE,-135153.0
2022-08-01,GPC,0.0
2022-08-01,CMG,9133.0
2022-08-01,NKE,124311.0
2022-08-01,NUE,0.0
2022-08-01,EQT,-324454.0
2022-08-02,ALLE,-135576.0
2022-08-02,HSY,-62171.0
2022-08-02,CMG,9173.0
2022-08-02,NKE,124985.0
2022-08-02,EQT,-337643.0
2022-08-03,ALLE,0.0
2022-08-03,HSY,-62339.0
2022-08-03,CMG,9218.0
2022-08-03,NKE,127814.0
2022-08-03,EQT,-341110.0
2022-08-04,ALLE,-137986.0
2022-08-04,HSY,-62623.0
2022-08-04,CMG,9013.0
2022-08-04,NKE,125007.0
2022-08-04,EQT,-333856.0
2022-08-05,ALLE,-138373.0
2022-08-05,HSY,0.0
2022-08-05,CMG,9017.0
2022-08-05,NKE,124788.0
2022-08-05,EQT,-346320.0
2022-08-08,ALLE,-139754.0
2022-08-08,GPC,-94619.0
2022-08-08,HSY,62903.0
2022-08-08,CMG,8925.0
2022-08-08,NKE,125457.0
2022-08-08,EQT,-337883.0
2022-08-09,ALLE,-138871.0
2022-08-09,GPC,-94046.0
2022-08-09,HSY,0.0
2022-08-09,CMG,8809.0
2022-08-09,NKE,125314.0
2022-08-09,NUE,104619.0
2022-08-09,EQT,-345566.0
2022-08-10,ALLE,-144096.0
2022-08-10,GPC,-93941.0
2022-08-10,CMG,8716.0
2022-08-10,NKE,129741.0
2022-08-10,NUE,103079.0
2022-08-10,EQT,-332922.0
2022-08-11,ALLE,-140234.0
2022-08-11,GPC,-92189.0
2022-08-11,CMG,8615.0
2022-08-11,NKE,126266.0
2022-08-11,NUE,100967.0
2022-08-11,EQT,-328331.0
2022-08-12,ALLE,-138925.0
2022-08-12,GPC,0.0
2022-08-12,CMG,8759.0
2022-08-12,NKE,125204.0
2022-08-12,NUE,100675.0
2022-08-12,EQT,-311915.0
2022-08-15,ALLE,-134251.0
2022-08-15,CMG,8587.0
2022-08-15,NKE,123079.0
2022-08-15,NUE,99978.0
2022-08-15,EQT,-309281.0
2022-08-16,ALLE,-133262.0
2022-08-16,CMG,8443.0
2022-08-16,NKE,122814.0
2022-08-16,NUE,100696.0
2022-08-16,EQT,-315706.0
2022-08-17,ALLE,-131714.0
2022-08-17,CMG,8332.0
2022-08-17,NKE,121004.0
2022-08-17,NUE,100146.0
2022-08-17,EQT,-302727.0
2022-08-18,ALLE,0.0
2022-08-18,CMG,8377.0
2022-08-18,NKE,122059.0
2022-08-18,NUE,101700.0
2022-08-18,EQT,-303241.0
2022-08-19,ALLE,130930.0
2022-08-19,CMG,8351.0
2022-08-19,NKE,123143.0
2022-08-19,NUE,100223.0
2022-08-19,EQT,-296138.0
2022-08-22,ALLE,134202.0
2022-08-22,CMG,8543.0
2022-08-22,NKE,126244.0
2022-08-22,NUE,103393.0
2022-08-22,EQT,-299490.0
2022-08-23,ALLE,-138507.0
2022-08-23,HSY,-61730.0
2022-08-23,CMG,8714.0
2022-08-23,NKE,129470.0
2022-08-23,NUE,105500.0
2022-08-23,EQT,-290832.0
2022-08-24,ALLE,-140165.0
2022-08-24,GPC,-90564.0
2022-08-24,HSY,-61428.0
2022-08-24,CMG,8764.0
2022-08-24,NKE,129073.0
2022-08-24,NUE,103927.0
2022-08-24,EQT,-298614.0
2022-08-25,ALLE,-140234.0
2022-08-25,GPC,-90835.0
2022-08-25,HSY,-61212.0
2022-08-25,CMG,8695.0
2022-08-25,NKE,128227.0
2022-08-25,NUE,103423.0
2022-08-25,EQT,-287496.0
2022-08-26,ALLE,-138266.0
2022-08-26,GPC,-89442.0
2022-08-26,HSY,-61217.0
2022-08-26,CMG,8590.0
2022-08-26,NKE,126177.0
2022-08-26,NUE,99062.0
2022-08-26,EQT,-288716.0
2022-08-29,ALLE,-146280.0
2022-08-29,GPC,-91329.0
2022-08-29,HSY,-62473.0
2022-08-29,CMG,8776.0
2022-08-29,NKE,131934.0
2022-08-29,NUE,101671.0
2022-08-29,EQT,-287612.0
2022-08-30,ALLE,147702.0
2022-08-30,GPC,-90904.0
2022-08-30,HSY,-62686.0
2022-08-30,CMG,8716.0
2022-08-30,NKE,132423.0
2022-08-30,NUE,102363.0
2022-08-30,EQT,-285657.0
2022-08-31,ALLE,147748.0
2022-08-31,GPC,-91451.0
2022-08-31,HSY,-63152.0
2022-08-31,CMG,8860.0
2022-08-31,NKE,132447.0
2022-08-31,NUE,105664.0
2022-08-31,EQT,-304794.0
2022-09-01,ALLE,150218.0
2022-09-01,GPC,-91569.0
2022-09-01,HSY,-63585.0
2022-09-01,CMG,8947.0
2022-09-01,NKE,134202.0
2022-09-01,NUE,107460.0
2022-09-01,EQT,-298864.0
2022-09-02,ALLE,149230.0
2022-09-02,GPC,-91119.0
2022-09-02,HSY,-62777.0
2022-09-02,CMG,8856.0
2022-09-02,NKE,134151.0
2022-09-02,NUE,109554.0
2022-09-02,EQT,-308480.0
2022-09-06,ALLE,150551.0
2022-09-06,GPC,-90847.0
2022-09-06,HSY,-63761.0
2022-09-06,CMG,8838.0
2022-09-06,NKE,135103.0
2022-09-06,NUE,109235.0
2022-09-06,EQT,-302151.0
2022-09-07,ALLE,150948.0
2022-09-07,GPC,-90766.0
2022-09-07,HSY,-64133.0
2022-09-07,CMG,8740.0
2022-09-07,NKE,135861.0
2022-09-07,NUE,106253.0
2022-09-07,EQT,-314455.0
2022-09-08,ALLE,145773.0
2022-09-08,GPC,-88210.0
2022-09-08,HSY,-62588.0
2022-09-08,CMG,8500.0
2022-09-08,NKE,131690.0
2022-09-08,NUE,105345.0
2022-09-08,EQT,-310559.0
2022-09-09,ALLE,145550.0
2022-09-09,GPC,-88216.0
2022-09-09,HSY,-63356.0
2022-09-09,CMG,8369.0
2022-09-09,NKE,131388.0
2022-09-09,NUE,102466.0
2022-09-09,EQT,-303306.0
2022-09-12,ALLE,143388.0
2022-09-12,GPC,-87750.0
2022-09-12,HSY,-63141.0
2022-09-12,CMG,8290.0
2022-09-12,NKE,128735.0
2022-09-12,NUE,0.0
2022-09-12,EQT,-295464.0
2022-09-13,ALLE,141150.0
2022-09-13,GPC,-87561.0
2022-09-13,HSY,-62882.0
2022-09-13,CMG,8173.0
2022-09-13,NKE,127120.0
2022-09-13,EQT,-284010.0
2022-09-14,ALLE,148981.0
2022-09-14,GPC,-90450.0
2022-09-14,HSY,-64090.0
2022-09-14,CMG,8399.0
2022-09-14,NKE,135128.0
2022-09-14,EQT,-298178.0
2022-09-15,ALLE,150139.0
2022-09-15,GPC,-91405.0
2022-09-15,HSY,-64422.0
2022-09-15,CMG,8299.0
2022-09-15,NKE,133512.0
2022-09-15,NUE,-118347.0
2022-09-15,EQT,-282326.0
2022-09-16,ALLE,153363.0
2022-09-16,GPC,-92518.0
2022-09-16,HSY,-65047.0
2022-09-16,CMG,8352.0
2022-09-16,NKE,135410.0
2022-09-16,NUE,-121819.0
2022-09-16,EQT,-297062.0
2022-09-19,ALLE,159279.0
2022-09-19,GPC,-92356.0
2022-09-19,HSY,-64967.0
2022-09-19,CMG,8436.0
2022-09-19,NKE,137205.0
2022-09-19,NUE,0.0
2022-09-19,EQT,-310154.0
2022-09-20,ALLE,154926.0
2022-09-20,GPC,-90113.0
2022-09-20,HSY,-64098.0
2022-09-20,CMG,8378.0
2022-09-20,NKE,133250.0
2022-09-20,NUE,-120229.0
2022-09-20,EQT,-301768.0
2022-09-21,ALLE,156814.0
2022-09-21,GPC,-90904.0
2022-09-21,HSY,-64214.0
2022-09-21,CMG,8406.0
2022-09-21,NKE,139482.0
2022-09-21,NUE,-125843.0
2022-09-21,EQT,-306823.0
2022-09-22,ALLE,156762.0
2022-09-22,GPC,-91810.0
2022-09-22,HSY,-63943.0
2022-09-22,CMG,8579.0
2022-09-22,NKE,143158.0
2022-09-22,NUE,-129282.0
2022-09-22,EQT,-314732.0
2022-09-23,ALLE,157627.0
2022-09-23,GPC,-92572.0
2022-09-23,HSY,-63345.0
2022-09-23,CMG,-8993.0
2022-09-23,NKE,144960.0
2022-09-23,NUE,-131242.0
2022-09-23,EQT,-320092.0
2022-09-26,ALLE,155213.0
2022-09-26,GPC,0.0
2022-09-26,HSY,0.0
2022-09-26,CMG,-9172.0
2022-09-26,NKE,147246.0
2022-09-26,NUE,-134936.0
2022-09-26,EQT,-346236.0
2022-09-27,ALLE,158396.0
2022-09-27,HSY,-63838.0
2022-09-27,CMG,-9324.0
2022-09-27,NKE,148717.0
2022-09-27,NUE,138174.0
2022-09-27,EQT,-362765.0
2022-09-28,ALLE,160532.0
2022-09-28,HSY,-64515.0
2022-09-28,CMG,0.0
2022-09-28,NKE,148362.0
2022-09-28,NUE,135680.0
2022-09-28,EQT,-363596.0
2022-09-29,ALLE,155618.0
2022-09-29,HSY,-63127.0
2022-09-29,NKE,144739.0
2022-09-29,NUE,133612.0
2022-09-29,EQT,-350054.0
2022-09-30,ALLE,160029.0
2022-09-30,GPC,-95428.0
2022-09-30,HSY,-63832.0
2022-09-30,NKE,149856.0
2022-09-30,NUE,135680.0
2022-09-30,EQT,-361389.0
2022-10-03,ALLE,159297.0
2022-10-03,GPC,0.0
2022-10-03,HSY,-64796.0
2022-10-03,NKE,171869.0
2022-10-03,NUE,133524.0
2022-10-03,EQT,-350569.0
2022-10-04,ALLE,154524.0
2022-10-04,HSY,-63616.0
2022-10-04,CMG,9495.0
2022-10-04,NKE,167281.0
2022-10-04,NUE,124952.0
2022-10-04,EQT,-342172.0
2022-10-05,ALLE,149058.0
2022-10-05,GPC,-91300.0
2022-10-05,HSY,-63303.0
2022-10-05,CMG,9300.0
2022-10-05,NKE,161166.0
2022-10-05,NUE,0.0
2022-10-05,EQT,-318096.0
2022-10-06,ALLE,148872.0
2022-10-06,GPC,-90697.0
2022-10-06,HSY,-63466.0
2022-10-06,CMG,-9399.0
2022-10-06,NKE,156814.0
2022-10-06,EQT,-315079.0
2022-10-07,ALLE,151316.0
2022-10-07,GPC,-91090.0
2022-10-07,HSY,-64743.0
2022-10-07,CMG,-9479.0
2022-10-07,NKE,158431.0
2022-10-07,EQT,-325118.0
2022-10-10,ALLE,154574.0
2022-10-10,GPC,-92842.0
2022-10-10,HSY,-64781.0
2022-10-10,CMG,-9660.0
2022-10-10,NKE,163903.0
2022-10-10,EQT,-330917.0
2022-10-11,ALLE,155635.0
2022-10-11,GPC,-92464.0
2022-10-11,HSY,-63903.0
2022-10-11,CMG,-9679.0
2022-10-11,NKE,164791.0
2022-10-11,EQT,-334012.0
2022-10-12,ALLE,155992.0
2022-10-12,GPC,-91119.0
2022-10-12,HSY,-63362.0
2022-10-12,CMG,0.0
2022-10-12,NKE,162357.0
2022-10-12,NUE,-120189.0
2022-10-12,EQT,-328030.0
2022-10-13,ALLE,157854.0
2022-10-13,GPC,-92213.0
2022-10-13,HSY,-63624.0
2022-10-13,NKE,161403.0
2022-10-13,NUE,-119736.0
2022-10-13,EQT,-328030.0
2022-10-14,ALLE,154943.0
2022-10-14,GPC,-91259.0
2022-10-14,HSY,-62711.0
2022-10-14,NKE,159510.0
2022-10-14,NUE,-115207.0
2022-10-14,EQT,-321967.0
2022-10-17,ALLE,158837.0
2022-10-17,GPC,-92470.0
2022-10-17,HSY,-64144.0
2022-10-17,CMG,9471.0
2022-10-17,NKE,163173.0
2022-10-17,NUE,-120341.0
2022-10-17,EQT,-347330.0
2022-10-18,ALLE,152740.0
2022-10-18,GPC,-90278.0
2022-10-18,HSY,-63289.0
2022-10-18,CMG,9265.0
2022-10-18,NKE,158784.0
2022-10-18,NUE,-117009.0
2022-10-18,EQT,-341681.0
2022-10-19,ALLE,150092.0
2022-10-19,GPC,-88935.0
2022-10-19,HSY,-62846.0
2022-10-19,CMG,9253.0
2022-10-19,NKE,159297.0
2022-10-19,NUE,-114781.0
2022-10-19,EQT,-341681.0
2022-10-20,ALLE,155095.0
2022-10-20,GPC,-89864.0
2022-10-20,HSY,-63138.0
2022-10-20,CMG,0.0
2022-10-20,NKE,161293.0
2022-10-20,NUE,-117201.0
2022-10-20,EQT,-338443.0
2022-10-21,ALLE,159084.0
2022-10-21,GPC,-90490.0
2022-10-21,HSY,-63565.0
2022-10-21,NKE,164526.0
2022-10-21,NUE,-114358.0
2022-10-21,EQT,-350655.0
2022-10-24,ALLE,153958.0
2022-10-24,GPC,-87993.0
2022-10-24,HSY,-62596.0
2022-10-24,CMG,9218.0
2022-10-24,NKE,161421.0
2022-10-24,NUE,-105382.0
2022-10-24,EQT,-377130.0
2022-10-25,ALLE,151396.0
2022-10-25,GPC,-83762.0
2022-10-25,HSY,0.0
2022-10-25,CMG,9242.0
2022-10-25,NKE,162320.0
2022-10-25,NUE,0.0
2022-10-25,EQT,-372703.0
2022-10-26,ALLE,146461.0
2022-10-26,GPC,-83225.0
2022-10-26,CMG,9019.0
2022-10-26,NKE,155754.0
2022-10-26,NUE,104650.0
2022-10-26,EQT,-360750.0
2022-10-27,ALLE,146777.0
2022-10-27,GPC,-83405.0
2022-10-27,CMG,9679.0
2022-10-27,NKE,154625.0
2022-10-27,NUE,104261.0
2022-10-27,EQT,-366206.0
2022-10-28,ALLE,138080.0
2022-10-28,GPC,0.0
2022-10-28,CMG,0.0
2022-10-28,NKE,157784.0
2022-10-28,NUE,-105429.0
2022-10-28,EQT,-365363.0
2022-10-31,ALLE,134530.0
2022-10-31,HSY,-59533.0
2022-10-31,NKE,152252.0
2022-10-31,NUE,-106609.0
2022-10-31,EQT,-369330.0
2022-11-01,ALLE,136354.0
2022-11-01,HSY,-59830.0
2022-11-01,NKE,154141.0
2022-11-01,NUE,-108735.0
2022-11-01,EQT,-341436.0
2022-11-02,ALLE,134063.0
2022-11-02,HSY,-60084.0
2022-11-02,NKE,152349.0
2022-11-02,NUE,-106213.0
2022-11-02,EQT,-350569.0
2022-11-03,ALLE,140043.0
2022-11-03,HSY,-60761.0
2022-11-03,CMG,10147.0
2022-11-03,NKE,158203.0
2022-11-03,NUE,-110982.0
2022-11-03,EQT,-352995.0
2022-11-04,ALLE,139591.0
2022-11-04,HSY,-61552.0
2022-11-04,CMG,10264.0
2022-11-04,NKE,158028.0
2022-11-04,NUE,0.0
2022-11-04,EQT,-363042.0
2022-11-07,ALLE,138535.0
2022-11-07,HSY,-62374.0
2022-11-07,CMG,10222.0
2022-11-07,NKE,149136.0
2022-11-07,EQT,-347753.0
2022-11-08,ALLE,133425.0
2022-11-08,HSY,-62301.0
2022-11-08,CMG,10231.0
2022-11-08,NKE,152887.0
2022-11-08,EQT,-323352.0
2022-11-09,ALLE,133787.0
2022-11-09,HSY,-61824.0
2022-11-09,CMG,10281.0
2022-11-09,NKE,152381.0
2022-11-09,EQT,-325118.0
2022-11-10,ALLE,0.0
2022-11-10,HSY,-61917.0
2022-11-10,CMG,10384.0
2022-11-10,NKE,155111.0
2022-11-10,EQT,-349797.0
2022-11-11,HSY,-63127.0
2022-11-11,CMG,0.0
2022-11-11,NKE,143590.0
2022-11-11,NUE,-102752.0
2022-11-11,EQT,-333000.0
2022-11-14,HSY,-65267.0
2022-11-14,NKE,134657.0
2022-11-14,NUE,-102952.0
2022-11-14,EQT,-335188.0
2022-11-15,GPC,79467.0
2022-11-15,HSY,0.0
2022-11-15,NKE,136850.0
2022-11-15,NUE,-100462.0
2022-11-15,EQT,-337165.0
2022-11-16,GPC,78740.0
2022-11-16,CMG,9378.0
2022-11-16,NKE,133875.0
2022-11-16,NUE,-99171.0
2022-11-16,EQT,-326456.0
2022-11-17,ALLE,-128642.0
2022-11-17,GPC,79410.0
2022-11-17,CMG,9359.0
2022-11-17,NKE,135758.0
2022-11-17,NUE,0.0
2022-11-17,EQT,-344317.0
2022-11-18,ALLE,-128967.0
2022-11-18,GPC,79631.0
2022-11-18,CMG,9564.0
2022-11-18,NKE,135590.0
2022-11-18,EQT,-342665.0
2022-11-21,ALLE,126468.0
2022-11-21,GPC,79067.0
2022-11-21,HSY,-63432.0
2022-11-21,CMG,9509.0
2022-11-21,NKE,135513.0
2022-11-21,EQT,-348177.0
2022-11-22,ALLE,0.0
2022-11-22,GPC,78369.0
2022-11-22,HSY,-61541.0
2022-11-22,CMG,9560.0
2022-11-22,NKE,137588.0
2022-11-22,EQT,-345649.0
2022-11-23,GPC,77644.0
2022-11-23,HSY,-61525.0
2022-11-23,CMG,9487.0
2022-11-23,NKE,134810.0
2022-11-23,EQT,-326306.0
2022-11-25,GPC,77674.0
2022-11-25,HSY,-61531.0
2022-11-25,CMG,9469.0
2022-11-25,NKE,133950.0
2022-11-25,EQT,-327954.0
2022-11-28,ALLE,-124962.0
2022-11-28,GPC,0.0
2022-11-28,HSY,-61112.0
2022-11-28,CMG,9429.0
2022-11-28,NKE,134822.0
2022-11-28,EQT,-331994.0
2022-11-29,ALLE,0.0
2022-11-29,GPC,-77966.0
2022-11-29,HSY,-61409.0
2022-11-29,CMG,9352.0
2022-11-29,NKE,136107.0
2022-11-29,EQT,-344068.0
2022-11-30,ALLE,-128967.0
2022-11-30,GPC,-79123.0
2022-11-30,HSY,-61979.0
2022-11-30,CMG,9201.0
2022-11-30,NKE,134454.0
2022-11-30,EQT,-334873.0
2022-12-01,ALLE,-125699.0
2022-12-01,GPC,-77923.0
2022-12-01,HSY,-60746.0
2022-12-01,CMG,8781.0
2022-12-01,NKE,130238.0
2022-12-01,EQT,-336847.0
2022-12-02,ALLE,-125247.0
2022-12-02,GPC,-77261.0
2022-12-02,HSY,0.0
2022-12-02,CMG,8787.0
2022-12-02,NKE,128573.0
2022-12-02,EQT,-344068.0
2022-12-05,ALLE,-124744.0
2022-12-05,GPC,-76279.0
2022-12-05,HSY,-60860.0
2022-12-05,CMG,8902.0
2022-12-05,NKE,0.0
2022-12-05,NUE,-92644.0
2022-12-05,EQT,-357768.0
2022-12-06,ALLE,-128676.0
2022-12-06,GPC,-77253.0
2022-12-06,HSY,-61246.0
2022-12-06,CMG,9096.0
2022-12-06,NUE,0.0
2022-12-06,EQT,-385371.0
2022-12-07,ALLE,-130857.0
2022-12-07,GPC,-78209.0
2022-12-07,HSY,-61428.0
2022-12-07,CMG,9471.0
2022-12-07,NKE,132361.0
2022-12-07,EQT,-387041.0
2022-12-08,ALLE,130882.0
2022-12-08,GPC,-78123.0
2022-12-08,HSY,0.0
2022-12-08,CMG,9465.0
2022-12-08,NKE,131873.0
2022-12-08,EQT,-388938.0
2022-12-09,ALLE,128863.0
2022-12-09,GPC,-76958.0
2022-12-09,HSY,-59200.0
2022-12-09,CMG,9331.0
2022-12-09,NKE,128285.0
2022-12-09,EQT,0.0
2022-12-12,ALLE,130906.0
2022-12-12,GPC,-78380.0
2022-12-12,HSY,-60335.0
2022-12-12,CMG,9360.0
2022-12-12,NKE,130559.0
2022-12-12,EQT,400497.0
2022-12-13,ALLE,129576.0
2022-12-13,GPC,-78484.0
2022-12-13,HSY,0.0
2022-12-13,CMG,9151.0
2022-12-13,NKE,127472.0
2022-12-13,EQT,0.0
2022-12-14,ALLE,127745.0
2022-12-14,GPC,-80234.0
2022-12-14,CMG,0.0
2022-12-14,NKE,126591.0
2022-12-14,EQT,-384955.0
2022-12-15,ALLE,130143.0
2022-12-15,GPC,-79772.0
2022-12-15,NKE,128181.0
2022-12-15,NUE,-96570.0
2022-12-15,EQT,0.0
2022-12-16,ALLE,135141.0
2022-12-16,GPC,-79915.0
2022-12-16,CMG,-9603.0
2022-12-16,NKE,131654.0
2022-12-16,NUE,-106530.0
2022-12-16,EQT,-373678.0
2022-12-19,ALLE,137548.0
2022-12-19,GPC,-80796.0
2022-12-19,CMG,-9770.0
2022-12-19,NKE,134835.0
2022-12-19,NUE,0.0
2022-12-19,EQT,-383612.0
2022-12-20,ALLE,136614.0
2022-12-20,GPC,0.0
2022-12-20,CMG,-10096.0
2022-12-20,NKE,138629.0
2022-12-20,NUE,-108422.0
2022-12-20,EQT,0.0
2022-12-21,ALLE,136732.0
2022-12-21,CMG,-10001.0
2022-12-21,NKE,138415.0
2022-12-21,NUE,-106633.0
2022-12-22,ALLE,133825.0
2022-12-22,CMG,-10023.0
2022-12-22,NKE,123387.0
2022-12-22,NUE,-103933.0
2022-12-23,ALLE,135822.0
2022-12-23,HSY,60809.0
2022-12-23,CMG,-10147.0
2022-12-23,NKE,122404.0
2022-12-23,NUE,0.0
2022-12-23,EQT,-408163.0
2022-12-27,ALLE,136016.0
2022-12-27,GPC,80907.0
2022-12-27,HSY,60564.0
2022-12-27,CMG,-10114.0
2022-12-27,NKE,122888.0
2022-12-27,EQT,-394524.0
2022-12-28,ALLE,134797.0
2022-12-28,GPC,80579.0
2022-12-28,HSY,60603.0
2022-12-28,CMG,10219.0
2022-12-28,NKE,121519.0
2022-12-28,NUE,-104626.0
2022-12-28,EQT,-393112.0
2022-12-29,ALLE,136942.0
2022-12-29,GPC,81545.0
2022-12-29,HSY,61347.0
2022-12-29,CMG,10365.0
2022-12-29,NKE,124246.0
2022-12-29,NUE,-106458.0
2022-12-29,EQT,0.0
2022-12-30,ALLE,133837.0
2022-12-30,GPC,81521.0
2022-12-30,HSY,61247.0
2022-12-30,CMG,10169.0
2022-12-30,NKE,121736.0
2022-12-30,NUE,106962.0
2023-01-03,ALLE,135719.0
2023-01-03,GPC,82334.0
2023-01-03,HSY,61691.0
2023-01-03,CMG,10297.0
2023-01-03,NKE,122090.0
2023-01-03,NUE,108382.0
2023-01-04,ALLE,132644.0
2023-01-04,GPC,84128.0
2023-01-04,HSY,62953.0
2023-01-04,CMG,10419.0
2023-01-04,NKE,120301.0
2023-01-04,NUE,109002.0
2023-01-04,EQT,448954.0
2023-01-05,ALLE,130774.0
2023-01-05,GPC,83086.0
2023-01-05,HSY,63985.0
2023-01-05,CMG,0.0
2023-01-05,NKE,117860.0
2023-01-05,NUE,104276.0
2023-01-05,EQT,0.0
2023-01-06,ALLE,132583.0
2023-01-06,GPC,84747.0
2023-01-06,HSY,64039.0
2023-01-06,CMG,10473.0
2023-01-06,NKE,-118435.0
2023-01-06,NUE,104238.0
2023-01-06,EQT,445316.0
2023-01-09,ALLE,128215.0
2023-01-09,GPC,83621.0
2023-01-09,HSY,63310.0
2023-01-09,CMG,10190.0
2023-01-09,NKE,-114717.0
2023-01-09,NUE,99255.0
2023-01-09,EQT,428486.0
2023-01-10,ALLE,127245.0
2023-01-10,GPC,83832.0
2023-01-10,HSY,63383.0
2023-01-10,CMG,9875.0
2023-01-10,NKE,-114423.0
2023-01-10,NUE,101267.0
2023-01-10,EQT,0.0
2023-01-11,ALLE,127506.0
2023-01-11,GPC,84158.0
2023-01-11,HSY,63555.0
2023-01-11,CMG,9843.0
2023-01-11,NKE,-113522.0
2023-01-11,NUE,0.0
2023-01-11,EQT,-419674.0
2023-01-12,ALLE,125193.0
2023-01-12,GPC,84451.0
2023-01-12,HSY,63047.0
2023-01-12,CMG,9658.0
2023-01-12,NKE,-111659.0
2023-01-12,EQT,0.0
2023-01-13,ALLE,0.0
2023-01-13,GPC,84556.0
2023-01-13,HSY,63722.0
2023-01-13,CMG,9446.0
2023-01-13,NKE,-111703.0
2023-01-13,EQT,-408630.0
2023-01-17,GPC,84252.0
2023-01-17,HSY,63041.0
2023-01-17,CMG,9371.0
2023-01-17,NKE,-110870.0
2023-01-17,NUE,-90668.0
2023-01-17,EQT,410392.0
2023-01-18,GPC,84762.0
2023-01-18,HSY,63167.0
2023-01-18,CMG,9208.0
2023-01-18,NKE,-111485.0
2023-01-18,NUE,-92088.0
2023-01-18,EQT,0.0
2023-01-19,ALLE,128747.0
2023-01-19,GPC,85955.0
2023-01-19,HSY,65903.0
2023-01-19,CMG,9448.0
2023-01-19,NKE,-112993.0
2023-01-19,NUE,-93769.0
2023-01-19,EQT,424539.0
2023-01-20,ALLE,131958.0
2023-01-20,GPC,88528.0
2023-01-20,HSY,66101.0
2023-01-20,CMG,9498.0
2023-01-20,NKE,-114717.0
2023-01-20,NUE,-94732.0
2023-01-20,EQT,421035.0
2023-01-23,ALLE,128354.0
2023-01-23,GPC,0.0
2023-01-23,HSY,66594.0
2023-01-23,CMG,9186.0
2023-01-23,NKE,-112823.0
2023-01-23,NUE,-93084.0
2023-01-23,EQT,0.0
2023-01-24,ALLE,127449.0
2023-01-24,HSY,65821.0
2023-01-24,CMG,8944.0
2023-01-24,NKE,-111354.0
2023-01-24,NUE,-92854.0
2023-01-24,EQT,-405383.0
2023-01-25,ALLE,125988.0
2023-01-25,HSY,64850.0
2023-01-25,CMG,8957.0
2023-01-25,NKE,-112636.0
2023-01-25,NUE,-92746.0
2023-01-25,EQT,-417588.0
2023-01-26,ALLE,126032.0
2023-01-26,GPC,85816.0
2023-01-26,HSY,64645.0
2023-01-26,CMG,9135.0
2023-01-26,NKE,-112645.0
2023-01-26,NUE,-91183.0
2023-01-26,EQT,-430033.0
2023-01-27,ALLE,126144.0
2023-01-27,GPC,85040.0
2023-01-27,HSY,64933.0
2023-01-27,CMG,8894.0
2023-01-27,NKE,-112018.0
2023-01-27,NUE,-84122.0
2023-01-27,EQT,-431592.0
2023-01-30,ALLE,125007.0
2023-01-30,GPC,0.0
2023-01-30,HSY,65304.0
2023-01-30,CMG,8853.0
2023-01-30,NKE,-112018.0
2023-01-30,NUE,-85609.0
2023-01-30,EQT,-433820.0
2023-01-31,ALLE,124821.0
2023-01-31,HSY,64007.0
2023-01-31,CMG,8874.0
2023-01-31,NKE,-113046.0
2023-01-31,NUE,-85867.0
2023-01-31,EQT,-444345.0
2023-02-01,ALLE,121529.0
2023-02-01,HSY,63606.0
2023-02-01,CMG,8678.0
2023-02-01,NKE,-112194.0
2023-02-01,NUE,-84520.0
2023-02-01,EQT,0.0
2023-02-02,ALLE,0.0
2023-02-02,GPC,-84746.0
2023-02-02,HSY,63408.0
2023-02-02,CMG,8645.0
2023-02-02,NKE,-110314.0
2023-02-02,NUE,-81641.0
2023-02-03,ALLE,117347.0
2023-02-03,GPC,-83664.0
2023-02-03,HSY,60941.0
2023-02-03,CMG,8455.0
2023-02-03,NKE,-110690.0
2023-02-03,NUE,-80856.0
2023-02-03,EQT,448672.0
2023-02-06,ALLE,116211.0
2023-02-06,GPC,-84887.0
2023-02-06,HSY,60461.0
2023-02-06,CMG,8439.0
2023-02-06,NKE,-111948.0
2023-02-06,NUE,-80879.0
2023-02-06,EQT,456997.0
2023-02-07,ALLE,118191.0
2023-02-07,GPC,-84440.0
2023-02-07,HSY,59393.0
2023-02-07,CMG,8402.0
2023-02-07,NKE,-113622.0
2023-02-07,NUE,-84097.0
2023-02-07,EQT,476509.0
2023-02-08,ALLE,118791.0
2023-02-08,GPC,-84545.0
2023-02-08,HSY,60250.0
2023-02-08,CMG,8292.0
2023-02-08,NKE,-113984.0
2023-02-08,NUE,-85451.0
2023-02-08,EQT,465940.0
2023-02-09,ALLE,118899.0
2023-02-09,GPC,-84301.0
2023-02-09,HSY,60832.0
2023-02-09,CMG,8725.0
2023-02-09,NKE,116230.0
2023-02-09,NUE,-85898.0
2023-02-09,EQT,479226.0
2023-02-10,ALLE,120474.0
2023-02-10,GPC,-84405.0
2023-02-10,HSY,60752.0
2023-02-10,CMG,8891.0
2023-02-10,NKE,116924.0
2023-02-10,NUE,-87326.0
2023-02-10,EQT,0.0
2023-02-13,ALLE,120984.0
2023-02-13,GPC,-82557.0
2023-02-13,HSY,59748.0
2023-02-13,CMG,9020.0
2023-02-13,NKE,116876.0
2023-02-13,NUE,-87049.0
2023-02-13,EQT,451081.0
2023-02-14,ALLE,119128.0
2023-02-14,GPC,-81265.0
2023-02-14,HSY,59547.0
2023-02-14,CMG,8850.0
2023-02-14,NKE,114149.0
2023-02-14,NUE,-85231.0
2023-02-14,EQT,462921.0
2023-02-15,ALLE,119187.0
2023-02-15,GPC,-80888.0
2023-02-15,HSY,59798.0
2023-02-15,CMG,8687.0
2023-02-15,NKE,-113199.0
2023-02-15,NUE,-83415.0
2023-02-15,EQT,459644.0
2023-02-16,ALLE,117501.0
2023-02-16,GPC,-79506.0
2023-02-16,HSY,0.0
2023-02-16,CMG,8624.0
2023-02-16,NKE,-112062.0
2023-02-16,NUE,-83994.0
2023-02-16,EQT,466549.0
2023-02-17,ALLE,120301.0
2023-02-17,GPC,-79741.0
2023-02-17,HSY,60734.0
2023-02-17,CMG,8812.0
2023-02-17,NKE,0.0
2023-02-17,NUE,-84122.0
2023-02-17,EQT,448813.0
2023-02-21,ALLE,120453.0
2023-02-21,GPC,-79303.0
2023-02-21,HSY,59354.0
2023-02-21,CMG,8832.0
2023-02-21,NKE,114433.0
2023-02-21,NUE,-84998.0
2023-02-21,EQT,0.0
2023-02-22,ALLE,124213.0
2023-02-22,GPC,-81941.0
2023-02-22,HSY,0.0
2023-02-22,CMG,9104.0
2023-02-22,NKE,117967.0
2023-02-22,NUE,-87353.0
2023-02-23,ALLE,126266.0
2023-02-23,GPC,-82144.0
2023-02-23,CMG,0.0
2023-02-23,NKE,119147.0
2023-02-23,NUE,-87390.0
2023-02-24,ALLE,125556.0
2023-02-24,GPC,-79471.0
2023-02-24,CMG,-9383.0
2023-02-24,NKE,119088.0
2023-02-24,NUE,-87486.0
2023-02-24,EQT,-439695.0
2023-02-27,ALLE,126412.0
2023-02-27,GPC,-79888.0
2023-02-27,CMG,-9673.0
2023-02-27,NKE,121025.0
2023-02-27,NUE,-87895.0
2023-02-27,EQT,-411336.0
2023-02-28,ALLE,126423.0
2023-02-28,GPC,-80103.0
2023-02-28,HSY,-59717.0
2023-02-28,CMG,-9557.0
2023-02-28,NKE,120525.0
2023-02-28,NUE,-86959.0
2023-02-28,EQT,-426057.0
2023-03-01,ALLE,126748.0
2023-03-01,GPC,-80774.0
2023-03-01,HSY,0.0
2023-03-01,CMG,-9580.0
2023-03-01,NKE,120261.0
2023-03-01,NUE,-85318.0
2023-03-01,EQT,-430551.0
2023-03-02,ALLE,127086.0
2023-03-02,GPC,-83880.0
2023-03-02,HSY,60367.0
2023-03-02,CMG,-9621.0
2023-03-02,NKE,120474.0
2023-03-02,NUE,0.0
2023-03-02,EQT,-429000.0
2023-03-03,ALLE,126973.0
2023-03-03,GPC,-83576.0
2023-03-03,HSY,59924.0
2023-03-03,CMG,-9553.0
2023-03-03,NKE,119466.0
2023-03-03,NUE,-81270.0
2023-03-03,EQT,0.0
2023-03-06,ALLE,124484.0
2023-03-06,GPC,-83153.0
2023-03-06,HSY,0.0
2023-03-06,CMG,-9460.0
2023-03-06,NKE,118123.0
2023-03-06,NUE,-80090.0
2023-03-07,ALLE,124843.0
2023-03-07,GPC,-82286.0
2023-03-07,HSY,-59553.0
2023-03-07,CMG,-9491.0
2023-03-07,NKE,118880.0
2023-03-07,NUE,-81381.0
2023-03-08,ALLE,125999.0
2023-03-08,GPC,-83920.0
2023-03-08,HSY,59936.0
2023-03-08,CMG,-9462.0
2023-03-08,NKE,119456.0
2023-03-08,NUE,0.0
2023-03-08,EQT,433558.0
2023-03-09,ALLE,124930.0
2023-03-09,GPC,-84671.0
2023-03-09,HSY,0.0
2023-03-09,CMG,-9318.0
2023-03-09,NKE,119187.0
2023-03-09,EQT,444208.0
2023-03-10,ALLE,128123.0
2023-03-10,GPC,-86475.0
2023-03-10,HSY,-59868.0
2023-03-10,CMG,-9210.0
2023-03-10,NKE,121199.0
2023-03-10,NUE,-85110.0
2023-03-10,EQT,455831.0
2023-03-13,ALLE,132903.0
2023-03-13,GPC,0.0
2023-03-13,HSY,-60089.0
2023-03-13,CMG,-9212.0
2023-03-13,NKE,121591.0
2023-03-13,NUE,0.0
2023-03-13,EQT,469771.0
2023-03-14,ALLE,134797.0
2023-03-14,HSY,-59382.0
2023-03-14,CMG,-9120.0
2023-03-14,NKE,122247.0
2023-03-14,NUE,91911.0
2023-03-14,EQT,471788.0
2023-03-15,ALLE,132743.0
2023-03-15,HSY,0.0
2023-03-15,CMG,-8980.0
2023-03-15,NKE,120049.0
2023-03-15,NUE,91435.0
2023-03-15,EQT,465485.0
2023-03-16,ALLE,137575.0
2023-03-16,GPC,-87572.0
2023-03-16,CMG,-8979.0
2023-03-16,NKE,120892.0
2023-03-16,NUE,0.0
2023-03-16,EQT,495516.0
2023-03-17,ALLE,134543.0
2023-03-17,GPC,-86758.0
2023-03-17,CMG,-8790.0
2023-03-17,NKE,118407.0
2023-03-17,EQT,474294.0
2023-03-20,ALLE,138267.0
2023-03-20,GPC,-88145.0
2023-03-20,CMG,-8879.0
2023-03-20,NKE,118662.0
2023-03-20,NUE,99124.0
2023-03-20,EQT,486405.0
2023-03-21,ALLE,135013.0
2023-03-21,GPC,-86711.0
2023-03-21,CMG,-8871.0
2023-03-21,NKE,117869.0
2023-03-21,NUE,96610.0
2023-03-21,EQT,473665.0
2023-03-22,ALLE,133612.0
2023-03-22,GPC,-86100.0
2023-03-22,CMG,-8775.0
2023-03-22,NKE,113731.0
2023-03-22,NUE,0.0
2023-03-22,EQT,460830.0
2023-03-23,ALLE,137548.0
2023-03-23,GPC,-87841.0
2023-03-23,HSY,58852.0
2023-03-23,CMG,-8804.0
2023-03-23,NKE,119546.0
2023-03-23,EQT,484098.0
2023-03-24,ALLE,139687.0
2023-03-24,GPC,-92590.0
2023-03-24,HSY,58553.0
2023-03-24,CMG,-8750.0
2023-03-24,NKE,118094.0
2023-03-24,EQT,483770.0
2023-03-27,ALLE,142006.0
2023-03-27,GPC,-91061.0
2023-03-27,HSY,0.0
2023-03-27,CMG,-8795.0
2023-03-27,NKE,118348.0
2023-03-27,EQT,467465.0
2023-03-28,ALLE,139509.0
2023-03-28,GPC,-89830.0
2023-03-28,CMG,-8669.0
2023-03-28,NKE,121261.0
2023-03-28,NUE,95685.0
2023-03-28,EQT,469308.0
2023-03-29,ALLE,137073.0
2023-03-29,GPC,-88544.0
2023-03-29,CMG,8643.0
2023-03-29,NKE,121199.0
2023-03-29,NUE,96369.0
2023-03-29,EQT,462321.0
2023-03-30,ALLE,135539.0
2023-03-30,GPC,-87890.0
2023-03-30,CMG,8623.0
2023-03-30,NKE,118564.0
2023-03-30,NUE,95289.0
2023-03-30,EQT,454236.0
2023-03-31,ALLE,0.0
2023-03-31,GPC,-86911.0
2023-03-31,HSY,56401.0
2023-03-31,CMG,8544.0
2023-03-31,NKE,118949.0
2023-03-31,NUE,94383.0
2023-03-31,EQT,456559.0
2023-04-03,GPC,-85384.0
2023-04-03,HSY,56153.0
2023-04-03,CMG,8363.0
2023-04-03,NKE,116485.0
2023-04-03,NUE,92483.0
2023-04-03,EQT,447688.0
2023-04-04,GPC,-84892.0
2023-04-04,HSY,55552.0
2023-04-04,CMG,8317.0
2023-04-04,NKE,117414.0
2023-04-04,NUE,92495.0
2023-04-04,EQT,449237.0
2023-04-05,ALLE,142901.0
2023-04-05,GPC,-86664.0
2023-04-05,HSY,55356.0
2023-04-05,CMG,8235.0
2023-04-05,NKE,115497.0
2023-04-05,NUE,99324.0
2023-04-05,EQT,439832.0
2023-04-06,ALLE,144024.0
2023-04-06,GPC,-88096.0
2023-04-06,HSY,0.0
2023-04-06,CMG,8417.0
2023-04-06,NKE,118162.0
2023-04-06,NUE,99573.0
2023-04-06,EQT,438213.0
2023-04-10,ALLE,143374.0
2023-04-10,GPC,-88031.0
2023-04-10,CMG,8478.0
2023-04-10,NKE,118830.0
2023-04-10,NUE,98164.0
2023-04-10,EQT,444761.0
2023-04-11,ALLE,142317.0
2023-04-11,GPC,-86695.0
2023-04-11,HSY,55211.0
2023-04-11,CMG,8446.0
2023-04-11,NKE,117183.0
2023-04-11,NUE,97288.0
2023-04-11,EQT,427845.0
2023-04-12,ALLE,0.0
2023-04-12,GPC,-86386.0
2023-04-12,HSY,55128.0
2023-04-12,CMG,8335.0
2023-04-12,NKE,115862.0
2023-04-12,NUE,96058.0
2023-04-12,EQT,427461.0
2023-04-13,GPC,-85738.0
2023-04-13,HSY,55241.0
2023-04-13,CMG,8425.0
2023-04-13,NKE,-115524.0
2023-04-13,NUE,96748.0
2023-04-13,EQT,437541.0
2023-04-14,GPC,-86986.0
2023-04-14,HSY,55371.0
2023-04-14,CMG,8316.0
2023-04-14,NKE,112994.0
2023-04-14,NUE,97295.0
2023-04-14,EQT,434613.0
2023-04-17,GPC,-86543.0
2023-04-17,HSY,55743.0
2023-04-17,CMG,8219.0
2023-04-17,NKE,-113423.0
2023-04-17,NUE,97721.0
2023-04-17,EQT,431072.0
2023-04-18,ALLE,136798.0
2023-04-18,GPC,-85903.0
2023-04-18,HSY,55151.0
2023-04-18,CMG,0.0
2023-04-18,NKE,-113207.0
2023-04-18,NUE,0.0
2023-04-18,EQT,435673.0
2023-04-19,ALLE,0.0
2023-04-19,GPC,-85815.0
2023-04-19,HSY,55030.0
2023-04-19,NKE,-113190.0
2023-04-19,NUE,94558.0
2023-04-19,EQT,428872.0
2023-04-20,GPC,-85800.0
2023-04-20,HSY,55522.0
2023-04-20,NKE,-113676.0
2023-04-20,NUE,96781.0
2023-04-20,EQT,430034.0
2023-04-21,ALLE,-137112.0
2023-04-21,GPC,-84721.0
2023-04-21,HSY,54857.0
2023-04-21,NKE,-114790.0
2023-04-21,NUE,91734.0
2023-04-21,EQT,436472.0
2023-04-24,ALLE,0.0
2023-04-24,GPC,-85789.0
2023-04-24,HSY,54767.0
2023-04-24,CMG,7937.0
2023-04-24,NKE,-113803.0
2023-04-24,NUE,93097.0
2023-04-24,EQT,438347.0
2023-04-25,GPC,-85440.0
2023-04-25,HSY,54735.0
2023-04-25,CMG,7950.0
2023-04-25,NKE,-112406.0
2023-04-25,NUE,92143.0
2023-04-25,EQT,436339.0
2023-04-26,GPC,-86506.0
2023-04-26,HSY,0.0
2023-04-26,CMG,8026.0
2023-04-26,NKE,-114597.0
2023-04-26,NUE,96558.0
2023-04-26,EQT,450512.0
2023-04-27,GPC,-87417.0
2023-04-27,HSY,54578.0
2023-04-27,CMG,7108.0
2023-04-27,NKE,-115356.0
2023-04-27,NUE,98864.0
2023-04-27,EQT,455540.0
2023-04-28,ALLE,-128191.0
2023-04-28,GPC,-85231.0
2023-04-28,HSY,52266.0
2023-04-28,CMG,7016.0
2023-04-28,NKE,113650.0
2023-04-28,NUE,96337.0
2023-04-28,EQT,425931.0
2023-05-01,ALLE,-129305.0
2023-05-01,GPC,-84877.0
2023-05-01,HSY,52318.0
2023-05-01,CMG,6910.0
2023-05-01,NKE,0.0
2023-05-01,NUE,96408.0
2023-05-01,EQT,410038.0
2023-05-02,ALLE,0.0
2023-05-02,GPC,-83581.0
2023-05-02,HSY,51695.0
2023-05-02,CMG,7006.0
2023-05-02,NUE,96519.0
2023-05-02,EQT,416858.0
2023-05-03,ALLE,-130332.0
2023-05-03,GPC,-83561.0
2023-05-03,HSY,52081.0
2023-05-03,CMG,6956.0
2023-05-03,NUE,97474.0
2023-05-03,EQT,435143.0
2023-05-04,ALLE,0.0
2023-05-04,GPC,-83066.0
2023-05-04,HSY,0.0
2023-05-04,CMG,6942.0
2023-05-04,NUE,97721.0
2023-05-04,EQT,453515.0
2023-05-05,GPC,-83391.0
2023-05-05,CMG,7026.0
2023-05-05,NKE,115515.0
2023-05-05,NUE,102129.0
2023-05-05,EQT,460236.0
2023-05-08,ALLE,132165.0
2023-05-08,GPC,-82229.0
2023-05-08,CMG,7044.0
2023-05-08,NKE,112851.0
2023-05-08,NUE,100378.0
2023-05-08,EQT,441599.0
2023-05-09,ALLE,0.0
2023-05-09,GPC,-82762.0
2023-05-09,CMG,7028.0
2023-05-09,NKE,112593.0
2023-05-09,NUE,100874.0
2023-05-09,EQT,442420.0
2023-05-10,GPC,-82471.0
2023-05-10,CMG,7029.0
2023-05-10,NKE,114195.0
2023-05-10,NUE,0.0
2023-05-10,EQT,442009.0
2023-05-11,GPC,-82248.0
2023-05-11,CMG,0.0
2023-05-11,NKE,115665.0
2023-05-11,EQT,443656.0
2023-05-12,GPC,-83230.0
2023-05-12,NKE,116886.0
2023-05-12,NUE,-103888.0
2023-05-12,EQT,447829.0
2023-05-15,GPC,-83713.0
2023-05-15,NKE,118840.0
2023-05-15,NUE,-102715.0
2023-05-15,EQT,427077.0
2023-05-16,GPC,-84821.0
2023-05-16,HSY,-52820.0
2023-05-16,NKE,119217.0
2023-05-16,NUE,-101692.0
2023-05-16,EQT,406538.0
2023-05-17,GPC,-86287.0
2023-05-17,HSY,0.0
2023-05-17,NKE,122646.0
2023-05-17,NUE,-104443.0
2023-05-17,EQT,410392.0
2023-05-18,GPC,-85872.0
2023-05-18,HSY,53405.0
2023-05-18,NKE,122121.0
2023-05-18,NUE,-102303.0
2023-05-18,EQT,410392.0
2023-05-19,GPC,-86695.0
2023-05-19,HSY,53537.0
2023-05-19,CMG,-6816.0
2023-05-19,NKE,120180.0
2023-05-19,NUE,-101837.0
2023-05-19,EQT,387778.0
2023-05-22,GPC,-86700.0
2023-05-22,HSY,0.0
2023-05-22,CMG,-6782.0
2023-05-22,NKE,124484.0
2023-05-22,NUE,-103019.0
2023-05-22,EQT,394307.0
2023-05-23,GPC,-87551.0
2023-05-23,HSY,-54343.0
2023-05-23,CMG,-6796.0
2023-05-23,NKE,129658.0
2023-05-23,NUE,-102069.0
2023-05-23,EQT,393438.0
2023-05-24,GPC,-89024.0
2023-05-24,HSY,-54438.0
2023-05-24,CMG,-6978.0
2023-05-24,NKE,-131326.0
2023-05-24,NUE,-104336.0
2023-05-24,EQT,398486.0
2023-05-25,GPC,-90233.0
2023-05-25,HSY,-54427.0
2023-05-25,CMG,0.0
2023-05-25,NKE,-131920.0
2023-05-25,NUE,-107113.0
2023-05-25,EQT,390961.0
2023-05-26,ALLE,-135731.0
2023-05-26,GPC,-90102.0
2023-05-26,HSY,-54864.0
2023-05-26,CMG,-6941.0
2023-05-26,NKE,-132915.0
2023-05-26,NUE,-106063.0
2023-05-26,EQT,391497.0
2023-05-30,ALLE,-133386.0
2023-05-30,GPC,-90870.0
2023-05-30,HSY,-55431.0
2023-05-30,CMG,-6897.0
2023-05-30,NKE,-132878.0
2023-05-30,NUE,-104933.0
2023-05-30,EQT,395836.0
2023-05-31,ALLE,-133411.0
2023-05-31,GPC,-90587.0
2023-05-31,HSY,0.0
2023-05-31,CMG,-6897.0
2023-05-31,NKE,-134112.0
2023-05-31,NUE,-107403.0
2023-05-31,EQT,407349.0
2023-06-01,ALLE,0.0
2023-06-01,GPC,-95922.0
2023-06-01,CMG,-6879.0
2023-06-01,NKE,0.0
2023-06-01,NUE,-108175.0
2023-06-01,EQT,410864.0
2023-06-02,ALLE,136367.0
2023-06-02,GPC,-95735.0
2023-06-02,CMG,-6860.0
2023-06-02,NUE,-107387.0
2023-06-02,EQT,407001.0
2023-06-05,ALLE,0.0
2023-06-05,GPC,-93157.0
2023-06-05,CMG,-6927.0
2023-06-05,NUE,-101109.0
2023-06-05,EQT,390855.0
2023-06-06,GPC,-93984.0
2023-06-06,HSY,-55055.0
2023-06-06,CMG,-6886.0
2023-06-06,NUE,-101360.0
2023-06-06,EQT,396385.0
2023-06-07,GPC,-93799.0
2023-06-07,HSY,-55958.0
2023-06-07,CMG,-6941.0
2023-06-07,NKE,134530.0
2023-06-07,NUE,0.0
2023-06-07,EQT,382380.0
2023-06-08,ALLE,-126332.0
2023-06-08,GPC,-93151.0
2023-06-08,HSY,56421.0
2023-06-08,CMG,-7061.0
2023-06-08,NKE,133400.0
2023-06-08,EQT,368094.0
2023-06-09,ALLE,0.0
2023-06-09,GPC,-92674.0
2023-06-09,HSY,55997.0
2023-06-09,CMG,-7060.0
2023-06-09,NKE,134518.0
2023-06-09,EQT,366583.0
2023-06-12,GPC,0.0
2023-06-12,HSY,55843.0
2023-06-12,CMG,-7000.0
2023-06-12,NKE,134950.0
2023-06-12,NUE,98150.0
2023-06-12,EQT,370577.0
2023-06-13,ALLE,-124668.0
2023-06-13,HSY,55981.0
2023-06-13,CMG,-6922.0
2023-06-13,NKE,133724.0
2023-06-13,NUE,-96213.0
2023-06-13,EQT,372898.0
2023-06-14,ALLE,-121301.0
2023-06-14,HSY,55429.0
2023-06-14,CMG,-6915.0
2023-06-14,NKE,133787.0
2023-06-14,NUE,0.0
2023-06-14,EQT,366865.0
2023-06-15,ALLE,0.0
2023-06-15,GPC,-90005.0
2023-06-15,HSY,54821.0
2023-06-15,CMG,-6930.0
2023-06-15,NKE,0.0
2023-06-15,NUE,94834.0
2023-06-15,EQT,371541.0
2023-06-16,GPC,-88374.0
2023-06-16,HSY,-54763.0
2023-06-16,CMG,-6963.0
2023-06-16,NKE,127086.0
2023-06-16,NUE,94495.0
2023-06-16,EQT,366771.0
2023-06-20,GPC,-88472.0
2023-06-20,HSY,-54793.0
2023-06-20,CMG,-7027.0
2023-06-20,NKE,125766.0
2023-06-20,NUE,94352.0
2023-06-20,EQT,360387.0
2023-06-21,GPC,-89515.0
2023-06-21,HSY,-55272.0
2023-06-21,CMG,-6969.0
2023-06-21,NKE,130416.0
2023-06-21,NUE,95544.0
2023-06-21,EQT,363505.0
2023-06-22,ALLE,-119625.0
2023-06-22,GPC,-88472.0
2023-06-22,HSY,55181.0
2023-06-22,CMG,-6886.0
2023-06-22,NKE,129894.0
2023-06-22,NUE,94047.0
2023-06-22,EQT,359119.0
2023-06-23,ALLE,-122740.0
2023-06-23,GPC,-88461.0
2023-06-23,HSY,-54879.0
2023-06-23,CMG,-6966.0
2023-06-23,NKE,129330.0
2023-06-23,NUE,93170.0
2023-06-23,EQT,362031.0
2023-06-26,ALLE,-123685.0
2023-06-26,GPC,-89470.0
2023-06-26,HSY,-55138.0
2023-06-26,CMG,-6990.0
2023-06-26,NKE,130440.0
2023-06-26,NUE,92892.0
2023-06-26,EQT,364618.0
2023-06-27,ALLE,-121922.0
2023-06-27,GPC,-87831.0
2023-06-27,HSY,-55044.0
2023-06-27,CMG,-7029.0
2023-06-27,NKE,127848.0
2023-06-27,NUE,91947.0
2023-06-27,EQT,355278.0
2023-06-28,ALLE,-120058.0
2023-06-28,GPC,-86606.0
2023-06-28,HSY,-54964.0
2023-06-28,CMG,-6912.0
2023-06-28,NKE,125744.0
2023-06-28,NUE,88859.0
2023-06-28,EQT,354133.0
2023-06-29,ALLE,-120901.0
2023-06-29,GPC,-86506.0
2023-06-29,HSY,-57236.0
2023-06-29,CMG,-6797.0
2023-06-29,NKE,0.0
2023-06-29,NUE,88666.0
2023-06-29,EQT,359390.0
2023-06-30,ALLE,-119465.0
2023-06-30,GPC,-86027.0
2023-06-30,HSY,57447.0
2023-06-30,CMG,-6768.0
2023-06-30,NKE,-126009.0
2023-06-30,NUE,87466.0
2023-06-30,EQT,348093.0
2023-07-03,ALLE,-119027.0
2023-07-03,GPC,-84415.0
2023-07-03,HSY,57212.0
2023-07-03,CMG,-6678.0
2023-07-03,NKE,0.0
2023-07-03,NUE,87119.0
2023-07-03,EQT,347331.0
2023-07-05,ALLE,-120300.0
2023-07-05,GPC,-85039.0
2023-07-05,HSY,56751.0
2023-07-05,CMG,-6727.0
2023-07-05,NUE,86262.0
2023-07-05,EQT,351173.0
2023-07-06,ALLE,-122550.0
2023-07-06,GPC,-85558.0
2023-07-06,HSY,0.0
2023-07-06,CMG,-6736.0
2023-07-06,NUE,89036.0
2023-07-06,EQT,353607.0
2023-07-07,ALLE,-123771.0
2023-07-07,GPC,-86543.0
2023-07-07,CMG,-6824.0
2023-07-07,NUE,89219.0
2023-07-07,EQT,0.0
2023-07-10,ALLE,-122319.0
2023-07-10,GPC,-86360.0
2023-07-10,HSY,58794.0
2023-07-10,CMG,-6876.0
2023-07-10,NUE,88211.0
2023-07-11,ALLE,-120493.0
2023-07-11,GPC,-85604.0
2023-07-11,HSY,59054.0
2023-07-11,CMG,-6825.0
2023-07-11,NUE,87024.0
2023-07-12,ALLE,-117674.0
2023-07-12,GPC,-84661.0
2023-07-12,HSY,59223.0
2023-07-12,CMG,-6957.0
2023-07-12,NUE,84863.0
2023-07-13,ALLE,-116761.0
2023-07-13,GPC,-84157.0
2023-07-13,HSY,59823.0
2023-07-13,CMG,-6881.0
2023-07-13,NUE,84198.0
2023-07-13,EQT,359119.0
2023-07-14,ALLE,-116352.0
2023-07-14,GPC,-86700.0
2023-07-14,HSY,59904.0
2023-07-14,CMG,-6972.0
2023-07-14,NKE,-132471.0
2023-07-14,NUE,84402.0
2023-07-14,EQT,0.0
2023-07-17,ALLE,-116390.0
2023-07-17,GPC,-86089.0
2023-07-17,HSY,59806.0
2023-07-17,CMG,-6948.0
2023-07-17,NKE,-132336.0
2023-07-17,NUE,85662.0
2023-07-18,ALLE,-115031.0
2023-07-18,GPC,-85712.0
2023-07-18,HSY,59661.0
2023-07-18,CMG,-6714.0
2023-07-18,NKE,-131411.0
2023-07-18,NUE,85324.0
2023-07-18,EQT,371444.0
2023-07-19,ALLE,-113739.0
2023-07-19,GPC,-85405.0
2023-07-19,HSY,59564.0
2023-07-19,CMG,-6634.0
2023-07-19,NKE,-130201.0
2023-07-19,NUE,83406.0
2023-07-19,EQT,360387.0
2023-07-20,ALLE,-113558.0
2023-07-20,GPC,-84998.0
2023-07-20,HSY,58872.0
2023-07-20,CMG,-6678.0
2023-07-20,NKE,-130011.0
2023-07-20,NUE,85482.0
2023-07-20,EQT,358308.0
2023-07-21,ALLE,-114634.0
2023-07-21,GPC,-92064.0
2023-07-21,HSY,58162.0
2023-07-21,CMG,-6819.0
2023-07-21,NKE,-132853.0
2023-07-21,NUE,86049.0
2023-07-21,EQT,349969.0
2023-07-24,ALLE,-114112.0
2023-07-24,GPC,-91393.0
2023-07-24,HSY,0.0
2023-07-24,CMG,-6806.0
2023-07-24,NKE,-130989.0
2023-07-24,NUE,0.0
2023-07-24,EQT,358038.0
2023-07-25,ALLE,-113064.0
2023-07-25,GPC,-90674.0
2023-07-25,HSY,-58114.0
2023-07-25,CMG,-6858.0
2023-07-25,NKE,-131338.0
2023-07-25,EQT,359842.0
2023-07-26,ALLE,-112423.0
2023-07-26,GPC,-90513.0
2023-07-26,HSY,0.0
2023-07-26,CMG,-6827.0
2023-07-26,NKE,-131908.0
2023-07-26,NUE,82634.0
2023-07-26,EQT,360387.0
2023-07-27,ALLE,-121787.0
2023-07-27,GPC,-90433.0
2023-07-27,CMG,-6842.0
2023-07-27,NKE,-130701.0
2023-07-27,NUE,0.0
2023-07-27,EQT,344069.0
2023-07-28,ALLE,-123675.0
2023-07-28,GPC,0.0
2023-07-28,HSY,61166.0
2023-07-28,CMG,-7586.0
2023-07-28,NKE,-132680.0
2023-07-28,EQT,344899.0
2023-07-31,ALLE,-124234.0
2023-07-31,HSY,60626.0
2023-07-31,CMG,0.0
2023-07-31,NKE,-131520.0
2023-07-31,EQT,337884.0
2023-08-01,ALLE,-122246.0
2023-08-01,HSY,61761.0
2023-08-01,NKE,0.0
2023-08-01,EQT,338685.0
2023-08-02,ALLE,-123014.0
2023-08-02,HSY,61953.0
2023-08-02,CMG,7308.0
2023-08-02,EQT,342830.0
2023-08-03,ALLE,-124787.0
2023-08-03,HSY,61263.0
2023-08-03,CMG,0.0
2023-08-03,EQT,349626.0
2023-08-04,ALLE,-128019.0
2023-08-04,HSY,61835.0
2023-08-04,EQT,342337.0
2023-08-07,ALLE,-127653.0
2023-08-07,HSY,62594.0
2023-08-07,EQT,341764.0
2023-08-08,ALLE,-126176.0
2023-08-08,HSY,62416.0
2023-08-08,EQT,338926.0
2023-08-09,ALLE,-127767.0
2023-08-09,GPC,-91946.0
2023-08-09,HSY,63691.0
2023-08-09,CMG,-7674.0
2023-08-09,EQT,332923.0
2023-08-10,ALLE,-128804.0
2023-08-10,GPC,0.0
2023-08-10,HSY,63310.0
2023-08-10,CMG,-7719.0
2023-08-10,EQT,324307.0
2023-08-11,ALLE,-128376.0
2023-08-11,GPC,-91475.0
2023-08-11,HSY,63836.0
2023-08-11,CMG,-7739.0
2023-08-11,EQT,333857.0
2023-08-14,ALLE,-128226.0
2023-08-14,GPC,0.0
2023-08-14,HSY,63899.0
2023-08-14,CMG,0.0
2023-08-14,NUE,-85789.0
2023-08-14,EQT,331841.0
2023-08-15,ALLE,-127187.0
2023-08-15,GPC,90911.0
2023-08-15,HSY,63674.0
2023-08-15,CMG,-7721.0
2023-08-15,NUE,-83037.0
2023-08-15,EQT,333001.0
2023-08-16,ALLE,-130761.0
2023-08-16,GPC,0.0
2023-08-16,HSY,64727.0
2023-08-16,CMG,7730.0
2023-08-16,NUE,-84405.0
2023-08-16,EQT,338525.0
2023-08-17,ALLE,-132557.0
2023-08-17,GPC,-91311.0
2023-08-17,HSY,65086.0
2023-08-17,CMG,7653.0
2023-08-17,NUE,-84791.0
2023-08-17,EQT,340299.0
2023-08-18,ALLE,-134936.0
2023-08-18,GPC,0.0
2023-08-18,HSY,65676.0
2023-08-18,CMG,0.0
2023-08-18,NUE,-85069.0
2023-08-18,EQT,332923.0
2023-08-21,ALLE,-132729.0
2023-08-21,GPC,-92243.0
2023-08-21,HSY,65298.0
2023-08-21,CMG,-7725.0
2023-08-21,NUE,-84862.0
2023-08-21,EQT,328634.0
2023-08-22,ALLE,-132964.0
2023-08-22,GPC,-92836.0
2023-08-22,HSY,66049.0
2023-08-22,CMG,0.0
2023-08-22,NKE,138886.0
2023-08-22,NUE,-85206.0
2023-08-22,EQT,320524.0
2023-08-23,ALLE,-132532.0
2023-08-23,GPC,-93297.0
2023-08-23,HSY,66803.0
2023-08-23,NKE,140802.0
2023-08-23,NUE,-84821.0
2023-08-23,EQT,329164.0
2023-08-24,ALLE,-129364.0
2023-08-24,GPC,-92548.0
2023-08-24,HSY,66347.0
2023-08-24,CMG,-7538.0
2023-08-24,NKE,144666.0
2023-08-24,NUE,-85538.0
2023-08-24,EQT,342173.0
2023-08-25,ALLE,-131811.0
2023-08-25,GPC,-93652.0
2023-08-25,HSY,66794.0
2023-08-25,CMG,-7629.0
2023-08-25,NKE,146326.0
2023-08-25,NUE,-86569.0
2023-08-25,EQT,342584.0
2023-08-28,ALLE,-130059.0
2023-08-28,GPC,-93346.0
2023-08-28,HSY,65739.0
2023-08-28,CMG,-7611.0
2023-08-28,NKE,144534.0
2023-08-28,NUE,-86370.0
2023-08-28,EQT,339813.0
2023-08-29,ALLE,-128920.0
2023-08-29,GPC,-93090.0
2023-08-29,HSY,65528.0
2023-08-29,CMG,-7521.0
2023-08-29,NKE,143388.0
2023-08-29,NUE,-85573.0
2023-08-29,EQT,337326.0
2023-08-30,ALLE,-126691.0
2023-08-30,GPC,-92165.0
2023-08-30,HSY,65625.0
2023-08-30,CMG,-7506.0
2023-08-30,NKE,140373.0
2023-08-30,NUE,-83191.0
2023-08-30,EQT,334247.0
2023-08-31,ALLE,-125787.0
2023-08-31,GPC,-91733.0
2023-08-31,HSY,65739.0
2023-08-31,CMG,-7369.0
2023-08-31,NKE,139919.0
2023-08-31,NUE,0.0
2023-08-31,EQT,332304.0
2023-09-01,ALLE,-125522.0
2023-09-01,GPC,-92927.0
2023-09-01,HSY,66489.0
2023-09-01,CMG,-7414.0
2023-09-01,NKE,140456.0
2023-09-01,EQT,330535.0
2023-09-05,ALLE,-124494.0
2023-09-05,GPC,92119.0
2023-09-05,HSY,66803.0
2023-09-05,CMG,-7369.0
2023-09-05,NKE,139564.0
2023-09-05,EQT,323061.0
2023-09-06,ALLE,-128538.0
2023-09-06,GPC,93776.0
2023-09-06,HSY,67354.0
2023-09-06,CMG,-7320.0
2023-09-06,NKE,142402.0
2023-09-06,EQT,330612.0
2023-09-07,ALLE,-131701.0
2023-09-07,GPC,-94121.0
2023-09-07,HSY,67902.0
2023-09-07,CMG,-7310.0
2023-09-07,NKE,142601.0
2023-09-07,NUE,-84731.0
2023-09-07,EQT,337485.0
2023-09-08,ALLE,0.0
2023-09-08,GPC,-94601.0
2023-09-08,HSY,68356.0
2023-09-08,CMG,-7263.0
2023-09-08,NKE,145877.0
2023-09-08,NUE,-84580.0
2023-09-08,EQT,342091.0
2023-09-11,ALLE,132153.0
2023-09-11,GPC,-95244.0
2023-09-11,HSY,68343.0
2023-09-11,CMG,-7344.0
2023-09-11,NKE,146266.0
2023-09-11,NUE,-86611.0
2023-09-11,EQT,336293.0
2023-09-12,ALLE,-131945.0
2023-09-12,GPC,-96064.0
2023-09-12,HSY,67376.0
2023-09-12,CMG,-7330.0
2023-09-12,NKE,147595.0
2023-09-12,NUE,-87551.0
2023-09-12,EQT,338444.0
2023-09-13,ALLE,-133811.0
2023-09-13,GPC,0.0
2023-09-13,HSY,68817.0
2023-09-13,CMG,-7390.0
2023-09-13,NKE,148346.0
2023-09-13,NUE,-87631.0
2023-09-13,EQT,326382.0
2023-09-14,ALLE,-135332.0
2023-09-14,HSY,68122.0
2023-09-14,CMG,-7390.0
2023-09-14,NKE,148609.0
2023-09-14,NUE,-88659.0
2023-09-14,EQT,332613.0
2023-09-15,ALLE,-134377.0
2023-09-15,HSY,67453.0
2023-09-15,CMG,-7378.0
2023-09-15,NKE,146988.0
2023-09-15,NUE,-86302.0
2023-09-15,EQT,335425.0
2023-09-18,ALLE,-135178.0
2023-09-18,HSY,67272.0
2023-09-18,CMG,-7469.0
2023-09-18,NKE,148408.0
2023-09-18,NUE,-91916.0
2023-09-18,EQT,343986.0
2023-09-19,ALLE,-135821.0
2023-09-19,HSY,67240.0
2023-09-19,CMG,-7370.0
2023-09-19,NKE,149573.0
2023-09-19,NUE,-92362.0
2023-09-19,EQT,346825.0
2023-09-20,ALLE,-134974.0
2023-09-20,HSY,68330.0
2023-09-20,CMG,-7422.0
2023-09-20,NKE,150980.0
2023-09-20,NUE,-90307.0
2023-09-20,EQT,348518.0
2023-09-21,ALLE,-137033.0
2023-09-21,HSY,67600.0
2023-09-21,CMG,-7438.0
2023-09-21,NKE,151912.0
2023-09-21,NUE,-91934.0
2023-09-21,EQT,357143.0
2023-09-22,ALLE,-137561.0
2023-09-22,HSY,68632.0
2023-09-22,CMG,-7655.0
2023-09-22,NKE,155975.0
2023-09-22,NUE,-94270.0
2023-09-22,EQT,368759.0
2023-09-25,ALLE,-137600.0
2023-09-25,HSY,68702.0
2023-09-25,CMG,-7616.0
2023-09-25,NKE,157246.0
2023-09-25,NUE,-93291.0
2023-09-25,EQT,371541.0
2023-09-26,ALLE,-137375.0
2023-09-26,HSY,69359.0
2023-09-26,CMG,-7681.0
2023-09-26,NKE,0.0
2023-09-26,NUE,-92017.0
2023-09-26,EQT,367054.0
2023-09-27,ALLE,-139932.0
2023-09-27,HSY,69619.0
2023-09-27,CMG,-7731.0
2023-09-27,NKE,-158430.0
2023-09-27,NUE,-94145.0
2023-09-27,EQT,366677.0
2023-09-28,ALLE,-138306.0
2023-09-28,HSY,70526.0
2023-09-28,CMG,0.0
2023-09-28,NKE,-159759.0
2023-09-28,NUE,-91745.0
2023-09-28,EQT,0.0
2023-09-29,ALLE,-137020.0
2023-09-29,GPC,-99718.0
2023-09-29,HSY,70778.0
2023-09-29,NKE,-159385.0
2023-09-29,NUE,-90553.0
2023-10-02,ALLE,0.0
2023-10-02,GPC,0.0
2023-10-02,HSY,71401.0
2023-10-02,NKE,0.0
2023-10-02,NUE,-91370.0
2023-10-03,HSY,71784.0
2023-10-03,CMG,-7651.0
2023-10-03,NKE,-151075.0
2023-10-03,NUE,-92296.0
2023-10-04,ALLE,-138993.0
2023-10-04,HSY,72451.0
2023-10-04,CMG,-7775.0
2023-10-04,NKE,-150233.0
2023-10-04,NUE,-91592.0
2023-10-05,ALLE,-137204.0
2023-10-05,GPC,-99893.0
2023-10-05,HSY,71817.0
2023-10-05,CMG,-7688.0
2023-10-05,NKE,-148980.0
2023-10-05,NUE,-91032.0
2023-10-06,ALLE,-139033.0
2023-10-06,GPC,0.0
2023-10-06,HSY,73069.0
2023-10-06,CMG,-7673.0
2023-10-06,NKE,-149135.0
2023-10-06,NUE,-91323.0
2023-10-06,EQT,347669.0
2023-10-09,ALLE,-137773.0
2023-10-09,HSY,73246.0
2023-10-09,CMG,-7839.0
2023-10-09,NKE,0.0
2023-10-09,NUE,-90858.0
2023-10-09,EQT,333857.0
2023-10-10,ALLE,-136770.0
2023-10-10,HSY,72991.0
2023-10-10,CMG,-7793.0
2023-10-10,NUE,-91775.0
2023-10-10,EQT,322114.0
2023-10-11,ALLE,-135448.0
2023-10-11,HSY,73509.0
2023-10-11,CMG,-7797.0
2023-10-11,NUE,-91633.0
2023-10-11,EQT,0.0
2023-10-12,ALLE,-134809.0
2023-10-12,GPC,97335.0
2023-10-12,HSY,74494.0
2023-10-12,CMG,-7834.0
2023-10-12,NUE,-92249.0
2023-10-13,ALLE,-137441.0
2023-10-13,GPC,96997.0
2023-10-13,HSY,76130.0
2023-10-13,CMG,-7964.0
2023-10-13,NUE,-96819.0
2023-10-16,ALLE,-138052.0
2023-10-16,GPC,97156.0
2023-10-16,HSY,74850.0
2023-10-16,CMG,-8019.0
2023-10-16,NUE,-97142.0
2023-10-17,ALLE,-135718.0
2023-10-17,GPC,95436.0
2023-10-17,HSY,74471.0
2023-10-17,CMG,-7890.0
2023-10-17,NKE,-140001.0
2023-10-17,NUE,-95877.0
2023-10-18,ALLE,-135294.0
2023-10-18,GPC,95105.0
2023-10-18,HSY,74885.0
2023-10-18,CMG,-7808.0
2023-10-18,NKE,-138682.0
2023-10-18,NUE,-95518.0
2023-10-19,ALLE,-142757.0
2023-10-19,GPC,96052.0
2023-10-19,HSY,74717.0
2023-10-19,CMG,-7760.0
2023-10-19,NKE,-137667.0
2023-10-19,NUE,-98447.0
2023-10-19,EQT,-327053.0
2023-10-20,ALLE,0.0
2023-10-20,GPC,0.0
2023-10-20,HSY,74568.0
2023-10-20,CMG,-7731.0
2023-10-20,NKE,-138628.0
2023-10-20,NUE,-99378.0
2023-10-20,EQT,-331532.0
2023-10-23,HSY,74818.0
2023-10-23,CMG,-7801.0
2023-10-23,NKE,-139142.0
2023-10-23,NUE,-101059.0
2023-10-23,EQT,0.0
2023-10-24,ALLE,-147473.0
2023-10-24,GPC,111381.0
2023-10-24,HSY,75506.0
2023-10-24,CMG,-7850.0
2023-10-24,NKE,-138952.0
2023-10-24,NUE,-101684.0
2023-10-25,ALLE,-147108.0
2023-10-25,GPC,110923.0
2023-10-25,HSY,75074.0
2023-10-25,CMG,-7700.0
2023-10-25,NKE,-135821.0
2023-10-25,NUE,-97069.0
2023-10-25,EQT,-335897.0
2023-10-26,ALLE,-148007.0
2023-10-26,GPC,0.0
2023-10-26,HSY,73460.0
2023-10-26,CMG,-7756.0
2023-10-26,NKE,-137972.0
2023-10-26,NUE,-98794.0
2023-10-26,EQT,-339974.0
2023-10-27,ALLE,-146896.0
2023-10-27,HSY,75566.0
2023-10-27,CMG,-7908.0
2023-10-27,NKE,0.0
2023-10-27,NUE,-96323.0
2023-10-27,EQT,-333700.0
2023-10-30,ALLE,-146625.0
2023-10-30,HSY,77594.0
2023-10-30,CMG,-7568.0
2023-10-30,NUE,-96453.0
2023-10-30,EQT,-340541.0
2023-10-31,ALLE,-146205.0
2023-10-31,HSY,76814.0
2023-10-31,CMG,-7482.0
2023-10-31,NKE,-140331.0
2023-10-31,NUE,-95909.0
2023-10-31,EQT,-346909.0
2023-11-01,ALLE,-145239.0
2023-11-01,HSY,76252.0
2023-11-01,CMG,-7355.0
2023-11-01,NKE,0.0
2023-11-01,NUE,-96662.0
2023-11-01,EQT,-337086.0
2023-11-02,ALLE,-144416.0
2023-11-02,HSY,76049.0
2023-11-02,CMG,-7190.0
2023-11-02,NKE,-141610.0
2023-11-02,NUE,-96531.0
2023-11-02,EQT,-334403.0
2023-11-03,ALLE,0.0
2023-11-03,HSY,75367.0
2023-11-03,CMG,-7018.0
2023-11-03,NKE,-135950.0
2023-11-03,NUE,-94444.0
2023-11-03,EQT,-322113.0
2023-11-06,ALLE,-140207.0
2023-11-06,HSY,75992.0
2023-11-06,CMG,-7000.0
2023-11-06,NKE,-133436.0
2023-11-06,NUE,-93793.0
2023-11-06,EQT,-319447.0
2023-11-07,ALLE,0.0
2023-11-07,HSY,76126.0
2023-11-07,CMG,-6904.0
2023-11-07,NKE,-133200.0
2023-11-07,NUE,-93291.0
2023-11-07,EQT,-336055.0
2023-11-08,GPC,105399.0
2023-11-08,HSY,76195.0
2023-11-08,CMG,-6918.0
2023-11-08,NKE,-130630.0
2023-11-08,NUE,-94332.0
2023-11-08,EQT,-350483.0
2023-11-09,ALLE,139960.0
2023-11-09,GPC,106246.0
2023-11-09,HSY,75578.0
2023-11-09,CMG,-6854.0
2023-11-09,NKE,-130594.0
2023-11-09,NUE,-93395.0
2023-11-09,EQT,-358127.0
2023-11-10,ALLE,141261.0
2023-11-10,GPC,105789.0
2023-11-10,HSY,75739.0
2023-11-10,CMG,-6818.0
2023-11-10,NKE,-133511.0
2023-11-10,NUE,-94507.0
2023-11-10,EQT,0.0
2023-11-13,ALLE,138040.0
2023-11-13,GPC,104919.0
2023-11-13,HSY,74607.0
2023-11-13,CMG,-6736.0
2023-11-13,NKE,-134631.0
2023-11-13,NUE,-93603.0
2023-11-13,EQT,365084.0
2023-11-14,ALLE,0.0
2023-11-14,GPC,105516.0
2023-11-14,HSY,73373.0
2023-11-14,CMG,-6643.0
2023-11-14,NKE,0.0
2023-11-14,NUE,-93407.0
2023-11-14,EQT,358938.0
2023-11-15,GPC,103326.0
2023-11-15,HSY,0.0
2023-11-15,CMG,-6595.0
2023-11-15,NKE,135090.0
2023-11-15,NUE,-92177.0
2023-11-15,EQT,0.0
2023-11-16,GPC,103618.0
2023-11-16,CMG,-6626.0
2023-11-16,NKE,0.0
2023-11-16,NUE,-91241.0
2023-11-17,GPC,103919.0
2023-11-17,CMG,-6573.0
2023-11-17,NUE,-92201.0
2023-11-17,EQT,-356696.0
2023-11-20,GPC,103965.0
2023-11-20,CMG,-6606.0
2023-11-20,NUE,-91131.0
2023-11-20,EQT,353870.0
2023-11-21,GPC,104010.0
2023-11-21,CMG,-6533.0
2023-11-21,NUE,-90962.0
2023-11-21,EQT,356342.0
2023-11-22,ALLE,-137151.0
2023-11-22,GPC,103919.0
2023-11-22,HSY,74956.0
2023-11-22,CMG,-6500.0
2023-11-22,NUE,-90536.0
2023-11-22,EQT,356965.0
2023-11-24,ALLE,-136483.0
2023-11-24,GPC,103693.0
2023-11-24,HSY,74557.0
2023-11-24,CMG,-6438.0
2023-11-24,NUE,-90760.0
2023-11-24,EQT,-354308.0
2023-11-27,ALLE,-136002.0
2023-11-27,GPC,103972.0
2023-11-27,HSY,74529.0
2023-11-27,CMG,-6435.0
2023-11-27,NKE,132718.0
2023-11-27,NUE,-90899.0
2023-11-27,EQT,349712.0
